순번,항구명,항로명,승하선구분,좌표값(geometry WKB hex),등록일시
1,제주,제주항,승선·하선,010300000001000000110000003333333333A35F40A872DFC42DC940407C12B0B758A35F40BF6D3C4621C9404070B7FA8578A35F403A044AB1FDC84040B7127CC68DA35F403463C970C8C840409AA1EF3C95A35F40545227A089C84040B7127CC68DA35F40744185CF4AC8404070B7FA8578A35F406FA0048F15C840407C12B0B758A35F40DB3612FAF1C740403333333333A35F4001326F7BE5C74040EA53B6AE0DA35F40DB3612FAF1C74040F7AE6BE0EDA25F406FA0048F15C84040AF53EA9FD8A25F40744185CF4AC84040CCC47629D1A25F40545227A089C84040AF53EA9FD8A25F403463C970C8C84040F7AE6BE0EDA25F403A044AB1FDC84040EA53B6AE0DA35F40BF6D3C4621C940403333333333A35F40A872DFC42DC94040,2020/09/17 17:37:35.000000
2,제주,서귀포항 강정지구,승선·하선,01030000000100000011000000F775E09C11A15F405C4FCEC03D9A4040B1CC21F936A15F407DD5FA41319A4040E2EB50A556A15F407C6D7EAC0D9A4040560F08CF6BA15F40AA462F6BD899404014EA7A3D73A15F409A99999999994040560F08CF6BA15F4089EC03C85A994040E2EB50A556A15F40B7C5B48625994040B1CC21F936A15F40B65D38F101994040F775E09C11A15F40D7E36472F59840403D1F9F40ECA05F40B65D38F1019940400C007094CCA05F40B7C5B4862599404098DCB86AB7A05F4089EC03C85A994040DA0146FCAFA05F409A9999999999404098DCB86AB7A05F40AA462F6BD89940400C007094CCA05F407C6D7EAC0D9A40403D1F9F40ECA05F407DD5FA41319A4040F775E09C11A15F405C4FCEC03D9A4040,2020/09/17 17:37:35.000000

[출처] data.go.kr 「해양수산부_항만가이드라인 도선사 승하선 구역(GIS)」(제공: 해양수산부 첨단해양교통관리팀)
[다운로드 URL] https://www.data.go.kr/cmm/cmm/fileDownload.do?atchFileId=FILE_000000003651386&fileDetailSn=1&insertDataPrcus=N
[원본 인코딩] EUC-KR → 본 파일은 UTF-8로 재저장. geometry는 WKB(EWKB) 폴리곤 hex, EPSG:4326(경위도) 추정.
[디코딩 결과(centroid, lon/lat)] 제주항=(126.5500, 33.5670) 최대반경≈590m / 서귀포항 강정지구=(126.5167, 33.2003) 최대반경≈590m
[대조] 기존 raw 확보 도선구간고시.txt의 도선점(제주항 N33°34'00" E126°33'00", 강정지구 N33°12'00" E126°31'24")과
       각각 약 36m·618m 오차로 사실상 동일 지점 확인.
[비고] 전국 데이터 중 제주 2행만 발췌 보존. 2026-07-21 확인·다운로드. 상세 해석은 같은 폴더
       제주항_승하선구역_Stage-B-2차_확인메모.txt 참조.
