event_family,event_name,type,year,start_date,end_date,time,status,venue,address,region,lat,lon,coord_source,course,scale,safety_incidents,sources,confidence,confidence_reason
K-SUP Cup 강릉,K-SUP Cup 2024 강릉,1,2024,2024-06-08,2024-06-09,,개최,강릉 송정해변,강원 강릉시,강원,,,,,미확인,미확인,https://www.totalsup.com/news/korea-kapp-k-sup-cup-2024/ https://www.supconnect.com/news/kapp-announces-the-inaugural-k-sup-cup-expanding-stand-up-paddleboarding-across-korea,중,해외 SUP 매체 2건
간절곶 해맞이 행사,간절곶 해맞이 행사,4,2020,,,,미확인,간절곶 공원,울산 울주군 서생면,울산,,,,,미확인,,https://kbmaeil.com/article/201912170267019,하,2020년 간절곶 개최 기사 못 찾음
간절곶 해맞이 행사,간절곶 해맞이 행사,4,2021,,,,미확인,간절곶 공원,울산 울주군 서생면,울산,,,,,,정부가 해맞이 명소 12/24~1/3 폐쇄 방침(전국) — 간절곶 개별 기사는 못 찾음,https://m.go.seoul.co.kr/news/2020/12/23/20201223012015 https://m.go.seoul.co.kr/news/2020/12/30/20201230500097,하,간절곶 직접 확인 없음; 전국 폐쇄 방침으로 취소 가능성 높으나 미확인 처리
간절곶 해맞이 행사,간절곶 해맞이 행사,4,2022,,,,미확인,간절곶 공원,울산 울주군 서생면,울산,,,,,,미확인,https://m.go.seoul.co.kr/news/2022/12/30/20221230010007,하,직접 확인 없음; 2023년이 '3년 만에' 행사라는 보도로 간접적으로 미개최 추정만 가능
간절곶 해맞이 행사,간절곶 해맞이 행사,4,2023,2022-12-31,2023-01-01,일출 시각,개최,간절곶 공원,울산 울주군 서생면,울산,,,,,인원 미확인; 전국 354개 명소 126만명 예상(행안부 계열 보도),밀집 인원 대응 순찰조·해안선 통제조 운영,https://m.go.seoul.co.kr/news/2022/12/30/20221230010007 https://www.newsis.com/view/NISX20221230_0002142498,중,개최 발표 보도; 결과 기사 미확인
간절곶 해맞이 행사,간절곶 해맞이 행사,4,2024,2023-12-31,2024-01-01,1/1 05:30부터 드론 1000대·불꽃쇼,개최,간절곶 공원,울산 울주군 서생면,울산,,,,,인원 미확인(평년 13~15만명 방문 보도),당일 구름으로 일출 못 봄,https://newsseoul.co.kr/news/view/1065591034529161 https://www.twig24.com/news/local_bs/2024/01/01/20240101500033,중,"개최 확인, 인원 미확인"
간절곶 해맞이 행사,간절곶 해맞이 행사,4,2025,,,,취소,간절곶 공원,울산 울주군 서생면,울산,,,,,,제주항공 참사로 울산 해넘이·해맞이 행사 모두 취소,https://www.heraldk.com/article/2025122918375262265 https://sateconomy.co.kr/news/view/1065592556251797,중,검색 요약 기반
강릉 경포·정동진 해맞이,강릉 경포·정동진 해맞이(불꽃놀이),4,2021,,,,취소,경포·정동진 등 주요 해변,강원 강릉시,강원,,,,,,"강릉시 공무원 1000여명 동원 12/31~1/1 해변·주차장 출입 봉쇄, 주요 8개 해변 통제선",https://kbmaeil.com/article/202012310296065 https://m.go.seoul.co.kr/news/2020/12/23/20201223012015,중,검색요약(강릉 통제) 기반
강릉 경포·정동진 해맞이,강릉 경포·정동진 해넘이·해맞이 축제,4,2024,2023-12-31,2024-01-01,12/31 20:00부터 해넘이 공연(경포 중앙광장·정동진 모래시계공원),개최,경포해변 중앙광장·정동진 모래시계공원,강원 강릉시,강원,,,,버스킹·불꽃놀이·카운트다운,미확인,안전관리요원·응급구조 인력 배치 계획,https://news.mtn.co.kr/news-detail/2023122810473245403 https://newsseoul.co.kr/news/view/1065568839362707,중,사전 계획 보도
강릉 경포·정동진 해맞이,강릉 경포·정동진 해맞이(불꽃놀이),4,2025,2024-12-31,2025-01-01,,축소,경포해수욕장·정동진 모래시계공원,강원 강릉시,강원,,,,,,"제주항공 참사로 불꽃놀이 취소, 공연 등 축소 검토",https://sateconomy.co.kr/news/view/1065592556251797 https://kbmaeil.com/article/202412160414079,중,해맞이 자체 취소 여부는 미확인
강진 마량항 감성돔·갑오징어 낚시대회,강진 마량항 감성돔·갑오징어 낚시대회,3,2023,2023-10-27,2023-10-28,,미확인,마량항 일원(선상),전남 강진군 마량면,전남,,,,,미확인,미확인,https://www.metroseoul.co.kr/article/20230921500258,하,"사전 안내 기사만, 개최 결과 미확인"
광안리어방축제,광안리어방축제,6,2024,2024-05-10,2024-05-12,,개최,광안리해변·수영사적공원,부산 수영구,부산,,,,,미확인,미확인,https://www.busan.go.kr/eng/bsevents/1621576,중,부산시 영문 행사 안내
광안리어방축제,광안리어방축제,6,2025,2025-05-09,2025-05-11,,축소,광안리해변·수영사적공원,부산 수영구,부산,,,,,미확인,"5/9 비로 개막식·체험 프로그램 취소, 10~11일 정상 진행",https://www.busan.go.kr/eng/bsevents/1676319 https://www.busan.go.kr/eng/bsnews01/1679749,중,부산시 영문 2건
군산새만금국제철인3종경기대회,2024 군산새만금국제철인3종경기대회(Challenge 군산-새만금),1,2024,2024-05-31,2024-06-03,수영 경기 6/2 오전,개최,새만금 방조제 일원·비응항(비응도) 앞 해상,전북 군산시 비응도동,전북,,,,풀코스: 수영 3.8km·사이클 180.2km·달리기 42.2km,1500여명 참가(보도),"★6/2 07:35~07:45께 비응도(비응항) 앞 해상 수영 코스에서 62세 참가자가 물에 뜬 채 발견, CPR 후 사망(심장마비 추정), 군산해경 조사",https://www.domin.co.kr/news/articleView.html?idxno=1471540 https://www.jeonmae.co.kr/news/articleView.html?idxno=1043290 https://www.challenge-family.com/korea/news/the-2024-challenge-asia-pacific-championship/ https://www.wikitree.co.kr/articles/956255,중,사고 기사 연도는 jeonmae 요약('2024 군산새만금국제철인3종')·Challenge 2024-06-02 공지로 추정 결합; 원문 미열람
군산새만금신항 걷기대회,군산새만금신항 걷기대회,2,2023,2023-05-13,2023-05-13,,개최,새만금방조제,전북 군산시,전북,,,,,군산시민 2000여명 참여(보도); 3km·6km,미확인,https://www.jjan.kr/articleAmp/20230514580025,중,사후 보도
군산새만금전국걷기대회,군산새만금전국걷기대회(제15회),2,2024,2024-10-12,2024-10-12,66km 그랜드슬램 제한 13시간,개최,비응공원·새만금방조제,전북 군산시 비응도동,전북,,,,6.5km·13km·66km 코스(방조제 구간),전국 약 2000명 참가 예상(사전 보도),미확인,https://www.jjan.kr/articleAmp/20241009580052,하,"사전 보도 1건, 실제 개최 결과 미확인 — status는 사전 보도 기준"
기장멸치축제,기장멸치축제,6,2020,,,,미확인,대변항 일원,부산 기장군 기장읍,부산,,,,,,미확인,,하,못 찾음
기장멸치축제,기장멸치축제,6,2021,,,,미확인,대변항 일원,부산 기장군 기장읍,부산,,,,,,미확인,,하,못 찾음
기장멸치축제,기장멸치축제,6,2022,,,,미확인,대변항 일원,부산 기장군 기장읍,부산,,,,,,미확인,,하,못 찾음
기장멸치축제,기장멸치축제(제27회),6,2023,2023-04-21,2023-04-23,,개최,대변항 일원,부산 기장군 기장읍,부산,,,,,미확인; 주말 동해선 오시리아역~대변항 셔틀 운행,미확인,https://www.metroseoul.co.kr/article/20230417500558,중,단일 매체
기장멸치축제,기장멸치축제,6,2024,,,,취소,대변항 일원,부산 기장군 기장읍,부산,,,,,,예산·인력 부족(고령화)으로 미개최(2025년 기사),https://www.twig24.com/news/local_bs/2025/04/25/20250425500168,중,2025 기사 간접 언급
기장멸치축제,기장멸치축제(제29회),6,2025,2025-04-25,2025-04-27,,개최,대변항 일원,부산 기장군 기장읍,부산,,,,,미확인(군 예산 1억5천만원),미확인,https://www.twig24.com/news/local_bs/2025/04/25/20250425500168 https://www.wikitree.co.kr/articles/1045677,중,단일 매체 중심
남해안컵 국제요트대회,2024 남해안컵 국제요트대회,1,2024,2024-08-29,2024-09-01,,개최,여수·통영·부산 해상,부산·경남 통영·전남 여수,복수(부산·경남·전남),,,,,7개국 350여명 선수단(보도),미확인,https://www.twig24.com/news/local_bs/2024/08/28/20240828500135 https://www.ajunews.com/view/20240828114802677,상,두 매체
뉴시스 바다마라톤,뉴시스 바다마라톤,2,2025,2025-09-27,2025-09-27,09:00 출발,개최,영종도 씨사이드파크,인천 중구 영종,인천,,,,,5000명 모집(사전),미확인,https://mobile.newsis.com/view/NISX20250818_0003293387 https://www.newsis.com/view/NISX20250912_0003326355,중,사전 보도(개최 결과 미확인)
무안황토갯벌축제,무안황토갯벌축제(제10회),5,2024,2024-06-21,2024-06-23,,개최,무안황토갯벌랜드,전남 무안군 해제면,전남,,,,갯벌 장어잡기·황토썰매·운저리 바다낚시 체험,미확인,미확인,https://www.ajunews.com/view/20240607084511889,중,사전 보도
무안황토갯벌축제,무안황토갯벌축제,5,2025,2025-09-13,2025-09-21,,개최,무안황토갯벌랜드,전남 무안군 해제면,전남,,,,,미확인,미확인,https://www.ktriptips.com/kor/festival/1953493,하,축제정보 사이트 1건
무창포 신비의바닷길축제,무창포 신비의바닷길축제,5,2020,,,,미확인,무창포해수욕장~석대도 바닷길,충남 보령시 웅천읍,충남,,,,,,미확인,,하,못 찾음
무창포 신비의바닷길축제,무창포 신비의바닷길축제,5,2021,,,,미확인,무창포해수욕장~석대도 바닷길,충남 보령시 웅천읍,충남,,,,,,미확인,,하,못 찾음
무창포 신비의바닷길축제,무창포 신비의바닷길축제,5,2022,,,,미확인,무창포해수욕장~석대도 바닷길,충남 보령시 웅천읍,충남,,,,,,미확인,,하,못 찾음
무창포 신비의바닷길축제,무창포 신비의바닷길축제,5,2023,,,,미확인,무창포해수욕장~석대도 바닷길,충남 보령시 웅천읍,충남,,,,,,미확인,,하,못 찾음
무창포 신비의바닷길축제,무창포 신비의바닷길축제,5,2024,,,,개최,무창포해수욕장~석대도 바닷길,충남 보령시 웅천읍,충남,,,,"백사장~석대도 1.5km 바닷길, 야간 횃불 걷기",미확인,미확인,https://www.twig24.com/news/local_govern/news_local/2025/09/16/20250916500039,하,"2024 개최는 사진설명으로만 확인, 날짜 미확인"
무창포 신비의바닷길축제,무창포 신비의바닷길축제(제25회),5,2025,2025-09-19,2025-09-21,9/20 저녁 바닷길 횃불 체험,개최,무창포해수욕장~석대도 바닷길,충남 보령시 웅천읍,충남,,,,"백사장~석대도 1.5km 바닷길(야간 횃불 걷기), 맨손 물고기(대하·전어)잡기",미확인; 같은 기간 대하·전어축제(9/12~9/28) 병행,미확인,https://www.twig24.com/news/local_govern/news_local/2025/09/16/20250916500039 https://www.segye.com/newsView/20250903504894,중,두 매체
보령머드축제,보령머드축제(제23회),6,2020,,,,온라인,대천해수욕장 일원,충남 보령시,충남,,,,,"현장 축제 취소, 온라인('집콕 머드 라이브' 등)으로만 진행; 오프라인 대폭 축소",해당 없음,https://www.ytn.co.kr/_ln/0115_202107231113344122 https://english.aawsat.com/node/2397666 https://www.inews24.com/view/1386223,상,YTN '지난해 현장 취소·온라인으로만' + 로이터계 해외보도 일치; 날짜는 미확인
보령머드축제,보령머드축제(제24회),6,2021,2021-07-23,,개막 10:00(YTN),축소,대천해수욕장 일원,충남 보령시,충남,,,,,온·오프라인 병행 개최(규모 미확인),미확인,https://www.ytn.co.kr/_ln/0115_202107231113344122 https://www.ytn.co.kr/_ln/0115_202107232102119546,중,"개막일은 YTN 확인, 종료일·규모 미확인"
보령머드축제,보령머드축제(제25회)+2022보령해양머드박람회,6,2022,2022-07-16,2022-08-15,,개최,대천해수욕장 인근 박람회장·머드광장,충남 보령시,충남,,,,,박람회 목표 관람객 120만명(조직위 목표); 실집계 미확인; 머드축제는 3년 만 정상 개최,미확인,https://news.tf.co.kr/read/ogmeta/1951512.htm https://www.segye.com/newsView/20220620523276 https://www.kukinews.com/article/view/kuk202207130007,중,"기간 복수 확인, 머드축제 자체 기간은 박람회와 동일로 보도(별도 확인 못함)"
보령머드축제,보령머드축제(제26회),6,2023,2023-07-21,2023-08-06,,개최,대천해수욕장·머드엑스포광장,충남 보령시,충남,,,,,"보령시 발표 방문객 1,641,876명(외국인 80,452·유료체험 35,117)",미확인,https://www.twig24.com/news/local_cc/2023/08/07/20230807500116 https://newsseoul.co.kr/news/view/1065572407429112,상,보령시 발표 수치 인용 보도
보령머드축제,보령머드축제(제27회),6,2024,2024-07-19,2024-08-04,,개최,대천해수욕장 머드엑스포광장 일원,충남 보령시,충남,,,,,최종 방문객 집계 미확인; 폐막일 8/4 해상불꽃 공연,미확인,https://www.kukinews.com/article/view/kuk202407200031 https://www.ajunews.com/view/20240221101800100,중,"기간 확인, 규모 미확인"
보령머드축제,보령머드축제(제28회),6,2025,2025-07-25,2025-08-10,,개최,대천해수욕장·머드엑스포광장 일원,충남 보령시,충남,,,,,개막식 관람객 1만여명(보도); 전체 집계 미확인,미확인,https://www.newsis.com/view/NISX20250708_0003242863 https://www.twig24.com/news/local_govern/news_local/2025/07/27/20250727500091,중,"기간 확인, 전체 규모 미확인"
부산 북항 SUP 레이스,부산 북항 SUP 레이스,1,2024,2024-05-24,2024-05-26,,개최,북항 친수공원 경관 수로,부산 동구,부산,,,,,미확인,미확인,https://newsseoul.co.kr/news/view/1065601236132043,하,검색 요약 1건; 개방 해안 아닌 항만 수로
부산바다축제,부산바다축제,6,2020,,,,미확인,부산 해수욕장 일원,부산,부산,,,,,,2020 하반기 부산시 축제 목록에 없음(간접),https://www.busan.go.kr/eng/bsnews01/1465318,하,직접 확인 못함
부산바다축제,부산바다축제,6,2021,,,,미확인,부산 해수욕장 일원,부산,부산,,,,,,2022년이 '3년 만에 대면 행사'라는 보도(간접),https://lady.khan.co.kr/travel/article/202207300758001,하,직접 확인 못함
부산바다축제,부산바다축제(제26회),6,2022,2022-07-30,2022-08-07,,개최,해운대·광안리·다대포해수욕장,부산 해운대구·수영구·사하구,부산,,,,,미확인; 3년 만에 대면 개최,미확인,https://lady.khan.co.kr/travel/article/202207300758001 https://www.busan.go.kr/eng/bsview04/1538948,중,경향+부산시 영문
부산바다축제,부산바다축제(제27회),6,2023,2023-08-01,2023-08-06,,개최,다대포·해운대해수욕장,부산 사하구·해운대구,부산,,,,,미확인,미확인,https://www.busan.go.kr/eng/bsevents/1570395,중,부산시 영문 페이지 단일
부산바다축제,부산바다축제(제28회),6,2024,2024-07-26,2024-07-28,개막식 20:00,개최,다대포해수욕장,부산 사하구,부산,,,,,미확인; 해수욕장 관람 인원 3만2천명 총량제 운용,"개막일 불꽃쇼, 태풍 '개미' 풍랑주의보로 28일로 연기",https://m.go.seoul.co.kr/news/2024/07/26/20240726500121,중,단일 매체
부산바다축제,부산바다축제(제29회),6,2025,2025-08-01,2025-08-03,,개최,다대포해수욕장 일원,부산 사하구,부산,,,,,미확인,미확인,https://www.heraldk.com/article/2025072720574692204 https://www.twig24.com/news/local_bs/2025/07/28/20250728500134,상,두 매체 일치
부산불꽃축제,부산불꽃축제,4,2020,,,,취소,광안리해수욕장 일원,부산 수영구,부산,,,,,,2022년 행사가 '3년 만에' 개최로 보도(2020~2021 코로나19로 미개최),https://www.munhwa.com/article/11314768 https://news.jkn.co.kr/post/838184,중,"취소 결정 기사 직접 확인 못함, 2022년 '3년만 재개' 보도로 간접 확인"
부산불꽃축제,부산불꽃축제,4,2021,,,,취소,광안리해수욕장 일원,부산 수영구,부산,,,,,,2022년 행사가 '3년 만에' 개최로 보도,https://www.munhwa.com/article/11314768 https://news.jkn.co.kr/post/838184,중,간접 확인(3년만 재개)
부산불꽃축제,부산불꽃축제(제17회),4,2022,2022-12-17,2022-12-17,야간,개최,광안리해수욕장 일원(남구·해운대 포함),부산 수영구,부산,,,,해상 불꽃쇼(광안대교 앞),부산시 집계 총 70만5200명(광안리 54만9000·해상관람 3200명/선박160여척·남구 7만3500·해운대 7만9500); 유료좌석 8000석 중 약61% 판매,이태원참사(10.29)로 11월 예정일에서 무기한 연기 후 12/17 개최; 안전인력 4천여명 투입,https://www.fnnews.com/news/202212172136318394 https://www.munhwa.com/article/11314768 https://www.imaeil.com/page/view/2022121719241229231,상,날짜·관람객 수 다수 언론 일치(부산시 발표)
부산불꽃축제,부산불꽃축제(제18회),4,2023,2023-11-04,2023-11-04,본행사 부산멀티불꽃쇼 20:00~21:00(불꽃스트릿 14:00~18:00),개최,광안리해수욕장·이기대·동백섬 앞,부산 수영구·남구·해운대구,부산,,,,해상 불꽃쇼,관람객 77만명 운집(뉴스1 보도; 집계 주체 미확인); 사전 예상 100만명 이상,안전관리요원 6300여명 배치 계획(보도) — 사고 보도 미확인,https://www.news1.kr/society/general-society/5221063 https://www.metroseoul.co.kr/article/20231025500207 https://www.ajunews.com/view/20231104210945404,상,날짜 복수 일치; 77만명은 뉴스1 단일
부산불꽃축제,부산불꽃축제(제19회),4,2024,2024-11-09,2024-11-09,본행사 19:00(여행사이트 기준),개최,광안리해수욕장 일원,부산 수영구,부산,,,,웨이브 불꽃·문자 불꽃 첫 선,부산시 등 집계 관람 인파 103만명,"부산교통공사 열차 240회 증편, 행안부 인파밀집 합동점검",https://www.newsis.com/view/NISX20241109_0002952975 https://www.twig24.com/news/local_bs/2024/11/11/20241111021006 https://mobile.newsis.com/view/NISX20241109_0002952884,상,날짜·인원 뉴시스·뉴스1 일치
부산불꽃축제,부산불꽃축제(제20회),4,2025,2025-11-15,2025-11-15,야간,개최,광안리해수욕장·이기대·동백섬,부산 수영구·남구·해운대구,부산,,,,"바지선 8→13대 확대, 3부 구성",117만명(보도; 집계 주체 원문 미확인); 관람 선박 170여척,"소방 20:30 기준 4명 병원 이송(10대 2명 어지럼증·복통, 50대 낙상 등), 61명 현장 응급처치(두통·찰과상 등) — 큰 사고 없이 마무리 보도",https://www.twig24.com/news/local_bs/2025/11/16/20251116500025 https://www.heraldk.com/article/2025111018240639900 https://www.wikitree.co.kr/articles/1095128 https://www.insight.co.kr/news/529201,중,"날짜 복수 일치, 117만은 뉴스1 계열 1곳+AI요약만"
부산시장배 SUP 대회(KIMA WEEK),대한민국 국제해양레저위크(KIMA WEEK) 부산시장배 SUP 대회,1,2024,2024-08-10,2024-08-10,,개최,광안리해수욕장,부산 수영구,부산,,,,"SUP 300m·1km 종목, 28개 레이스",100여명 참가(보도); 레저위크 본행사 8/10 개막,미확인,https://www.twig24.com/news/local_bs/2024/08/06/20240806500103 https://breezeinflow.com/?p=6335,중,두 출처
부산시장배 국제서핑대회,부산시장배 국제서핑대회,1,2025,2025-06-28,2025-06-29,,개최,송정해수욕장,부산 해운대구,부산,,,,,서핑·SUP 부문 350여명 참가(보도),미확인,https://www.twig24.com/news/local_bs/2025/06/27/20250627500051,중,단일 매체(사전 보도)
서천 홍원항 자연산 전어·꽃게 축제,서천 홍원항 자연산 전어·꽃게 축제(제21회),6,2023,2023-09-02,2023-09-17,,개최,홍원항 일대,충남 서천군 서면,충남,,,,,18만명(보도),미확인,https://newsseoul.co.kr/news/view/1065588023326104,중,단일 매체
서천 홍원항 자연산 전어·꽃게 축제,서천 홍원항 자연산 전어·꽃게 축제(제23회),6,2025,2025-08-29,2025-09-07,,개최,홍원항 일대,충남 서천군 서면,충남,,,,,미확인,미확인,https://www.wikitree.co.kr/articles/1076840 https://www.ktriptips.com/kor/festival/141268,중,두 출처
성산일출축제,성산일출축제,4,2020,,,,미확인,성산일출봉 일대,제주 서귀포시 성산읍,제주,,,,,,미확인,,하,못 찾음
성산일출축제,성산일출축제,4,2021,2020-12-31,2021-01-01,,취소,성산일출봉 일대,제주 서귀포시 성산읍,제주,,,,,,"코로나19로 취소, 12/31 19:00~1/1 09:00 입장 전면 통제",https://m.go.seoul.co.kr/news/2020/12/23/20201223012015 https://newsseoul.co.kr/news/view/1065609046609065,상,직접 보도
성산일출축제,성산일출축제,4,2022,,,,미확인,성산일출봉 일대,제주 서귀포시 성산읍,제주,,,,,,미확인,,하,못 찾음
성산일출축제,성산일출축제,4,2023,,,,미확인,성산일출봉 일대,제주 서귀포시 성산읍,제주,,,,,,미확인,,하,못 찾음
성산일출축제,성산일출축제(제31회),4,2024,2023-12-30,2024-01-01,새벽 정상 등반 사전예약 900명,개최,성산일출봉 일대,제주 서귀포시 성산읍,제주,,,,,일출 등반 사전예약 900명,미확인,https://newsseoul.co.kr/news/view/1065606046442430,중,단일 매체
성산일출축제,성산일출축제(제32회),4,2025,2024-12-31,2025-01-01,,취소,성산일출봉 일대,제주 서귀포시 성산읍,제주,,,,,자율 등반 500명 제한 허용,국가애도기간으로 전면 취소,https://newsseoul.co.kr/news/view/1065609046609065,상,직접 보도
소래포구축제,소래포구축제,6,2020,,,,미확인,소래포구 일원,인천 남동구 논현동,인천,,,,,,2023년이 '4년 만에 대면 축제'(간접),https://newsseoul.co.kr/news/view/179588153568524,하,직접 확인 못함
소래포구축제,소래포구축제,6,2021,,,,미확인,소래포구 일원,인천 남동구,인천,,,,,,간접(4년 만 대면),https://newsseoul.co.kr/news/view/179588153568524,하,직접 확인 못함
소래포구축제,소래포구축제,6,2022,,,,미확인,소래포구 일원,인천 남동구,인천,,,,,,간접(4년 만 대면),https://newsseoul.co.kr/news/view/179588153568524,하,직접 확인 못함
소래포구축제,소래포구축제(제23회),6,2023,2023-09-15,2023-09-17,,개최,소래포구 일원,인천 남동구,인천,,,,,미확인; 4년 만 대면 축제,미확인,https://newsseoul.co.kr/news/view/179588153568524 https://newsseoul.co.kr/news/view/1065580809029236,중,동일 매체 2건
소래포구축제,소래포구축제,6,2024,,,,개최,소래포구 일원,인천 남동구,인천,,,,,미확인,미확인,https://www.segye.com/newsView/20240929509810,하,"성공적 종료 발언만 확인, 날짜 미확인"
소래포구축제,소래포구축제,6,2025,,,,미확인,소래포구 일원,인천 남동구,인천,,,,,,미확인,,하,못 찾음
속초 해맞이,속초 해맞이(새해맞이) 행사,4,2020,2020-01-01,2020-01-01,일출 시각,개최,속초해수욕장,강원 속초시,강원,,,,,해맞이 차량으로 해수욕장 입구 도로 정체(사진기사); 인원 미확인,미확인,https://m.seoul.co.kr/news/2020/01/01/20200101500024,하,사진기사; 공식 행사 여부 미확인 — 인파 확인만
속초 해맞이,"속초 새해맞이 '갑진속초, 갑진새해'",4,2024,2024-01-01,2024-01-01,해맞이 공연 06:30,개최,속초해수욕장 야외무대 일원,강원 속초시,강원,,,,,미확인,미확인,https://news.mtn.co.kr/news-detail/2023122810473245403 https://newsseoul.co.kr/news/view/1065568839362707,중,사전 발표 보도
양양 해양수산부장관배 서핑대회,양양 해양수산부장관배 서핑대회,1,2022,,,8~10월 중 5회·6일,개최,죽도해변 등 양양군 해변 전역,강원 양양군,강원,,,,,미확인,미확인,https://www.ajunews.com/view/20220805133728086,하,"사전 안내, 세부 날짜 미확인"
여수거북선축제,여수거북선축제,6,2020,,,,취소,이순신광장 일원,전남 여수시 중앙동,전남,,,,,,2022-02 기사 '코로나19로 2년 연속 취소',https://www.kukinews.com/article/view/kuk202202020032,중,간접(2년 연속)
여수거북선축제,여수거북선축제(제55회),6,2021,,,,취소,이순신광장 일원,전남 여수시 중앙동,전남,,,,,,여수시·3대 축제 추진위 코로나19로 취소 결정,https://www.wikitree.co.kr/articles/676513 https://www.kukinews.com/article/view/kuk202202020032,상,직접 보도
여수거북선축제,여수거북선축제(제56회),6,2022,,,,개최,이순신광장 일원,전남 여수시 중앙동,전남,,,,,관람객 37만명(2023-02 기사 '지난해'),미확인,https://www.metroseoul.co.kr/article/20230216500315,중,날짜 미확인
여수거북선축제,여수거북선축제(제57회),6,2023,,,,축소,이순신광장 일원,전남 여수시 중앙동,전남,,,,,'최악의 흥행실적' 평가,"비로 통제영길놀이 축소, 맛장터·체험 등 주요 행사 취소 → 축제위원장 등 3명 제명",https://news.tf.co.kr/read/ogmeta/2016245.htm https://news.tf.co.kr/read/ogmeta/2021799.htm https://www.metroseoul.co.kr/article/20230501500234,중,"5월 초 개최, 정확한 날짜 미확인"
여수거북선축제,여수거북선축제(제58회),6,2024,2024-05-03,2024-05-06,,개최,이순신광장·선소 일원,전남 여수시,전남,,,,,미확인,미확인,https://www.newsis.com/view/NISX20240402_0002684839 https://www.metroseoul.co.kr/article/20240402500266,상,두 매체
여수거북선축제,여수거북선축제(제59회),6,2025,2025-05-03,2025-05-05,,개최,이순신광장 일원,전남 여수시,전남,,,,,미확인,미확인,https://xn--ok0b236bp0a.com/place/2352,하,"축제정보 사이트, 기간 표기 엇갈림(나흘 vs 5/3~5)"
여수밤바다 불꽃축제,여수밤바다 불꽃축제,4,2020,,,,미확인,이순신광장 앞 해상,전남 여수시,전남,,,,,,미확인,https://pressian.com/pages/articles/2020112521092627135,하,못 찾음(관련 프레시안 2020-11 기사 존재하나 내용 미확인)
여수밤바다 불꽃축제,여수밤바다 불꽃축제,4,2021,,,,미확인,이순신광장 앞 해상,전남 여수시,전남,,,,,,미확인,,하,못 찾음
여수밤바다 불꽃축제,여수밤바다 불꽃축제,4,2022,2022-10-22,2022-10-22,약 3시간(불꽃 40분),개최,이순신광장 앞 해상,전남 여수시 중앙동,전남,,,,,관람객 19만4000여명(보도),미확인,https://m.seoul.co.kr/news/2022/11/03/20221103019009 https://pressian.com/pages/articles/2022101912133374991,상,서울신문·프레시안
여수밤바다 불꽃축제,여수밤바다 불꽃축제,4,2023,2023-10-28,2023-10-28,야간,개최,이순신광장·장군도 앞 해상,전남 여수시 중앙동,전남,,,,,미확인,미확인,https://www.metroseoul.co.kr/article/20231025500141 https://www.elle.co.kr/article/81508,중,"두 매체 날짜 일치, 규모 미확인"
여수밤바다 불꽃축제,여수밤바다 불꽃축제,4,2024,2024-11-02,2024-11-02,19:00~21:20(여행사이트),개최,여수세계박람회장(해상),전남 여수시 덕충동,전남,,,,,미확인,이순신광장 집중으로 주민불편 → 장소 이전 설문(2024-07),https://www.yeogi.com/content/dom-ko-yeosu-hotel-bxp2-2024-yeosu-firework-festival https://www.metroseoul.co.kr/article/20240702500269,하,날짜·장소는 여행사이트 기준
여수밤바다 불꽃축제,여수밤바다 불꽃축제(10주년),4,2025,2025-11-08,2025-11-08,19:00~21:30,개최,이순신광장·장군도 앞 해상,전남 여수시 중앙동,전남,,,,드론 400대 이상 라이트쇼,미확인,미확인,https://infoarounds.com/2025-%EC%97%AC%ED%96%89-%EC%A0%95%EB%B3%B4/yeosu-fireworks-festival-2025-schedule-info/,하,블로그형 안내 1건
영덕대게축제,영덕대게축제(제23회),6,2020,2020-12-01,2020-12-31,,온라인,삼사해상공원·강구항 일원,경북 영덕군 강구면,경북,,,,,"사상 첫 온라인 축제(홈페이지·유튜브, ZOOM 라이브 경매)",2020년 2월 예정 오프라인 대게축제는 코로나로 무산 보도('영덕·울진 대게축제 무산'),https://www.twig24.com/news/local_gs/Kybook_gs/2020/12/01/20201201500022 https://www.twig24.com/news/local_gs/Kybook_gs/2020/02/07/20200207500007 https://kbmaeil.com/article/202011150292398,중,온라인 12월 한달은 검색요약; 2월 무산은 제목 기준(영덕 직접 문장 미확인)
영덕대게축제,영덕대게축제(제24회),6,2021,2021-12-27,2022-01-01,,온라인,삼사해상공원·강구항 일원,경북 영덕군 강구면,경북,,,,,메타버스(로블록스) 축제; 해맞이 순간 최대 접속 2935명,해당 없음,https://www.kukinews.com/article/view/kuk202201050085,중,단일 매체
영덕대게축제,영덕대게축제,6,2022,,,,취소,삼사해상공원·강구항 일원,경북 영덕군 강구면,경북,,,,,,한파·강풍으로 개최 직전 취소(2023년 기사),https://view.asiae.co.kr/article/2023022714440032607 https://www.metroseoul.co.kr/article/20230228500015,중,간접 언급(2023 기사)
영덕대게축제,영덕대게축제(제26회),6,2023,2023-02-24,2023-02-26,,개최,삼사해상공원(강구항·강구대게거리 혼잡),경북 영덕군 강구면,경북,,,,,6만여명 방문(보도),미확인,https://view.asiae.co.kr/article/2023022714440032607 https://www.metroseoul.co.kr/article/20230228500015,상,두 매체
영덕대게축제,영덕대게축제(제27회),6,2024,,,첫날 비·추위로 대게거리 퍼레이드 취소,개최,강구항·삼사해상공원 일원,경북 영덕군 강구면,경북,,,,,8만여명(3/2 기준 보도),미확인,https://newsseoul.co.kr/news/view/1065587439644812 https://kbmaeil.com/article/202403040386511,중,시작일은 기사 날짜 역산 아님 — ⚠start_date 2024-02-29는 미확인(검색요약에 정확한 시작일 없음)
영덕대게축제,영덕대게축제,6,2025,,,,미확인,강구항 일원,경북 영덕군 강구면,경북,,,,,,키오스크·바가지요금 신고제 운영계획 보도만,https://www.metroseoul.co.kr/article/20250225500347,하,개최 일자·규모 미확인
울릉도 벵에돔 전국 토너먼트,울릉도 벵에돔 전국 토너먼트,3,2022,,,3일간(6월),개최,울릉도 갯바위·해안 포인트,경북 울릉군,경북,,,,,전국 약 128명 참가(보도),미확인,https://kbmaeil.com/article/202206200337601,하,"정확한 날짜 미확인, 단일 매체"
울산고래축제,울산고래축제,6,2020,,,,미확인,장생포 고래문화특구,울산 남구 장생포동,울산,,,,,,2022년이 '3년 만에 열린' 축제(간접적으로 미개최),https://www.hankyung.com/amp/202210173709Y,하,직접 기사 없음
울산고래축제,울산고래축제,6,2021,,,,미확인,장생포 고래문화특구,울산 남구 장생포동,울산,,,,,,간접(3년 만),https://www.hankyung.com/amp/202210173709Y,하,직접 기사 없음
울산고래축제,울산고래축제,6,2022,,,,개최,장생포 고래문화특구,울산 남구 장생포동,울산,,,,고래 퍼레이드 1.7km,퍼레이드 1천여명 참여; 전체 방문객 미확인; '3년 만에 열린' 축제 성황리 폐막,미확인,https://www.hankyung.com/amp/202210173709Y,하,⚠end_date 2022-10-16은 기사(10/17) 직전 폐막으로 추정 — 미검증
울산고래축제,울산고래축제,6,2023,2023-05-11,2023-05-14,,개최,장생포 고래문화특구,울산 남구 장생포동,울산,,,,,30여만명 방문(보도),미확인,https://www.newsseoul.co.kr/news/view/1065608418655034,중,단일 매체
울산고래축제,울산고래축제(제28회),6,2024,2024-09-26,2024-09-29,,개최,장생포 고래문화특구 일원,울산 남구 장생포동,울산,,,,,미확인; 임시주차장 7곳 3337면,미확인,https://www.newsis.com/view/NISX20240910_0002882824 https://www.newsis.com/view/NISX20240929_0002903501 https://www.fnnews.com/news/202409251055173529,상,복수 매체
울산고래축제,울산고래축제(제29회),6,2025,2025-09-25,,고래 퍼레이드 9/25,개최,장생포 고래문화특구,울산 남구 장생포동,울산,,,,,미확인,미확인,https://www.hankyung.com/article/2025102988491 https://m.go.seoul.co.kr/news/2025/09/22/20250922024002,중,종료일 미확인
울진대게와붉은대게축제,울진대게와붉은대게축제,6,2020,2020-02-27,2020-03-01,,취소,후포항 일대,경북 울진군 후포면,경북,,,,,,신종 코로나 확산 방지로 취소,https://www.twig24.com/news/local_gs/Kybook_gs/2020/02/07/20200207500007,중,단일 매체(검색요약)
울진대게와붉은대게축제,울진대게와붉은대게축제,6,2025,2025-02-28,2025-03-03,,축소,후포항 일대(왕돌초광장),경북 울진군 후포면,경북,,,,,울진군 발표 약 6만여명,기상 악화로 마지막 날(3/3) 일정 취소,https://www.metroseoul.co.kr/article/20250304500114 https://www.telltrip.com/festival/uljin-crab-festival/,중,기간 3/2 vs 3/3 표기 차이
이순신장군배 국제요트대회,이순신장군배 국제요트대회(제15회),1,2021,2021-11-17,2021-11-21,,개최,도남항·한산해역 일원,경남 통영시 도남동,경남,,,,,"10개국 요트 40척, 선수·임원 400여명(보도)",미확인,https://www.twig24.com/news/local_gs/kynam_gs/2021/11/17/20211117500073,중,단일 매체
진도 신비의바닷길축제,진도 신비의바닷길축제,5,2020,,,,취소,회동리~모도 바닷길,전남 진도군 고군면 회동리,전남,,,,,,전면 취소(2021년 기사 '지난해 전면 취소'),https://lady.khan.co.kr/travel/article/202104181956001 https://www.wikitree.co.kr/articles/642414,상,직접 언급
진도 신비의바닷길축제,진도 신비의바닷길축제(제42회),5,2021,2021-04-27,2021-04-29,,온라인,회동리~모도 바닷길,전남 진도군 고군면 회동리,전남,,,,,"온라인 비대면, 유튜브·페이스북 생중계",해당 없음,https://www.wikitree.co.kr/articles/642414 https://lady.khan.co.kr/travel/article/202104181956001,상,복수 보도
진도 신비의바닷길축제,진도 신비의바닷길축제,5,2022,,,,미확인,회동리~모도 바닷길,전남 진도군 고군면 회동리,전남,,,,,,2023년 축제가 '4년 만에' 열린다는 보도 → 2022년 대면 미개최로 보이나 직접 확인 못함,https://www.metroseoul.co.kr/article/20230411500386,하,직접 기사 없음
진도 신비의바닷길축제,진도 신비의바닷길축제(제43회),5,2023,2023-04-20,2023-04-22,바닷길 열림 4/20 17:40·4/21 18:10·4/22 18:50(국립해양조사원),개최,회동리~모도 바닷길,전남 진도군 고군면 회동리,전남,,,,바닷길(약 2.8km) 도보,"'외국인 포함 수만명 방문'(보도, 추정치)",미확인,https://www.metroseoul.co.kr/article/20230411500386 https://www.metroseoul.co.kr/article/20230424500396,중,메트로서울 단일 매체 복수 기사
진도 신비의바닷길축제,진도 신비의바닷길축제(제44회),5,2024,2024-03-11,2024-03-13,,개최,회동리 일원,전남 진도군 고군면 회동리,전남,,,,,방문객 수 미확인('추운 날씨에도 많은 관광객'),미확인,https://www.metroseoul.co.kr/article/20240314500619 https://www.metroseoul.co.kr/article/20240311500436,중,단일 매체
진도 신비의바닷길축제,진도 신비의바닷길축제(제45회),5,2025,2025-03-29,2025-04-01,,축소,고군면 일원·진도읍 철마광장,전남 진도군 고군면,전남,,,,,미확인,전국 산불 재난으로 바닷길 횃불행진·불꽃쇼 취소,https://www.metroseoul.co.kr/article/20250402500341 https://kpinews.kr/newsView/1065607084601618,상,두 매체 일치
진해군항제,진해군항제(제58회),6,2020,,,,취소,진해구 일원(중원로터리·여좌천·경화역 등),경남 창원시 진해구,경남,,,,,,"당초 3/28~4/6 예정, 코로나19로 전면 취소",https://www.ytn.co.kr/_ln/0103_202003231610070476 https://www.twig24.com/news/local_gs/kynam_gs/2020/02/27/20200227500191,상,취소 결정 직접 보도
진해군항제,진해군항제(제59회),6,2021,,,,취소,진해구 일원,경남 창원시 진해구,경남,,,,,,2022년 '3년 연속 취소' 보도로 간접 확인,https://www.twig24.com/news/local_gs/kynam_gs/2022/02/17/20220217500178 https://mobile.newsis.com/view/NISX20230403_0002252463,중,"2021 취소 직접 기사 미확인, '3년 연속'·'4년만 재개'로 간접"
진해군항제,진해군항제(제60회),6,2022,,,,취소,진해구 일원,경남 창원시 진해구,경남,,,,,,오미크론 확산으로 3년 연속 취소,https://www.twig24.com/news/local_gs/kynam_gs/2022/02/17/20220217500178 https://www.fnnews.com/news/202302241653062907,상,취소 직접 보도
진해군항제,진해군항제(제61회),6,2023,2023-03-25,2023-04-03,,개최,진해구 일원,경남 창원시 진해구,경남,,,,,창원시 발표 450만여명(외국인 54만여명); 한국관광 데이터랩(이동통신) 진해구 방문객 163만명 — 2.7배 차이 지적,사고 없음(시 발표),https://newsseoul.co.kr/news/view/1065602408562123 https://mobile.newsis.com/view/NISX20230403_0002252463 https://www.fnnews.com/news/202304200705305715,상,"날짜 확실, 인원은 집계방식에 따라 큰 차이"
진해군항제,진해군항제(제62회),6,2024,2024-03-22,2024-04-01,,개최,진해구 일원,경남 창원시 진해구,경남,,,,,사전 예상 450만명(창원시); 실집계 미확인,미확인,https://www.ajunews.com/view/20240324093116337,중,종료일 3/31로 쓴 기사도 있음(불일치)
진해군항제,진해군항제(제63회),6,2025,2025-03-28,2025-04-06,3/28 전야제,축소,진해구 일원(해군사관학교 특별개방 예정),경남 창원시 진해구,경남,,,,,집계 미확인,영남권 산불 여파로 군 관련 행사 모두 취소(2025-03-28 보도),https://www.twig24.com/news/local_bs/2025/03/28/20250328500237 https://www.khan.co.kr/article/202503061101001,중,시작일 3/28(전야제) vs 3/29 자료 불일치; 군 행사 취소로 '축소' 분류
최남단 방어축제,최남단 방어축제,6,2020,,,,미확인,모슬포항 일원,제주 서귀포시 대정읍,제주,,,,,,미확인,,하,못 찾음
최남단 방어축제,최남단 방어축제,6,2021,,,,미확인,모슬포항 일원,제주 서귀포시 대정읍,제주,,,,,,미확인,,하,못 찾음
최남단 방어축제,최남단 방어축제,6,2022,,,,개최,모슬포항 일원,제주 서귀포시 대정읍,제주,,,,맨손 방어잡기(대형 수조),"개막 첫날 2만여명(서울신문, 2022-11-26 기사)",미확인,https://m.seoul.co.kr/news/2022/11/26/20221126500060,중,개막일 정확히 미확인
최남단 방어축제,최남단 방어축제,6,2023,,,,미확인,모슬포항 일원,제주 서귀포시 대정읍,제주,,,,,,미확인,,하,못 찾음
최남단 방어축제,최남단 방어축제,6,2024,2024-11-28,2024-12-01,,개최,모슬포항 일원,제주 서귀포시 대정읍,제주,,,,,미확인,미확인,https://www.yeogi.com/content/dom-ko-jejudo-resort-ult-2024-yellowtail-fish-festival-accommodations,하,여행사이트 기준
최남단 방어축제,최남단 방어축제,6,2025,,,,미확인,모슬포항 일원,제주 서귀포시 대정읍,제주,,,,,,미확인,,하,못 찾음
통영 월드트라이애슬론컵,통영 (ITU/월드)트라이애슬론컵,1,2020,,,,미확인,도남동 트라이애슬론광장 앞바다,경남 통영시 도남동,경남,,,,,,2019년 기사 '내년 10월 개최 예정'(국비공모) — 2020 실제 개최 여부 못 찾음,https://www.twig24.com/news/local_gs/kynam_gs/2019/12/19/20191219500173,하,못 찾음
통영 월드트라이애슬론컵,통영 (ITU/월드)트라이애슬론컵,1,2021,,,,미확인,도남동 트라이애슬론광장 앞바다,경남 통영시 도남동,경남,,,,,,미확인,,하,못 찾음
통영 월드트라이애슬론컵,통영 (ITU/월드)트라이애슬론컵,1,2022,,,,미확인,도남동 트라이애슬론광장 앞바다,경남 통영시 도남동,경남,,,,,,미확인,,하,못 찾음
통영 월드트라이애슬론컵,통영 월드트라이애슬론컵,1,2023,,,,미확인,도남동 트라이애슬론광장 앞바다,경남 통영시 도남동,경남,,,,,,국비 공모 2023~2026 4년 연속 선정 보도(선정≠개최 확인),https://mobile.newsis.com/view/NISX20260105_0003466027,하,개최 날짜 못 찾음
통영 월드트라이애슬론컵,통영 월드트라이애슬론컵,1,2024,,,,미확인,도남동 트라이애슬론광장 앞바다,경남 통영시 도남동,경남,,,,,,국비 공모 선정 보도만,https://mobile.newsis.com/view/NISX20260105_0003466027,하,개최 날짜 못 찾음
통영 월드트라이애슬론컵,2025 통영 월드트라이애슬론컵,1,2025,2025-11-14,2025-11-16,"엘리트 11/15 09:00(여)·11:15(남), 동호인 11/16 예정",취소,도남동 트라이애슬론광장 앞바다 및 시내,경남 통영시 도남동,경남,,,,"엘리트 스프린트(수영750m·사이클20km·달리기5km, 도남동 버스종점~청소년수련원~용화사거리~통영대교 남단 통제), 동호인 올림픽(수영1.5km·사이클40km·달리기10km)",엘리트 120여명·국내 동호인 1300여명 참가 예정,★11/15 오후 트라이애슬론광장 앞바다에서 40대 남성이 (동호인 경기 앞둔) 수영 테스트/연습 중 이상 증세 → 병원 이송 후 사망; 대한철인3종협회 대회 전면 취소(통영해경 조사),https://www.ytn.co.kr/_ln/0115_202511152002292191 https://www.huffingtonpost.kr/article/239528 https://www.busan.com/view/busan/view.php?code=2025111217001154433 https://www.kukinews.com/article/view/kuk202511130299,상,사고·취소 YTN·허프포스트 일치; 연습/테스트 표현은 매체별 상이
통영한산대첩축제,통영한산대첩축제,6,2020,,,,취소,한산대첩광장·강구안·통영항 해상,경남 통영시,경남,,,,,,코로나19로 축제 취소·'2년간 공백' 보도(간접),https://www.metroseoul.co.kr/article/20231024500328 https://newsseoul.co.kr/news/view/1065593421077298,하,"취소 명시 문장 없음, 간접"
통영한산대첩축제,통영한산대첩축제,6,2021,,,,취소,한산대첩광장·강구안·통영항 해상,경남 통영시,경남,,,,,,'2년간 공백' 보도(간접),https://www.metroseoul.co.kr/article/20231024500328,하,간접
통영한산대첩축제,통영한산대첩축제(제61회),6,2022,,,,개최,한산대첩광장·강구안 일원,경남 통영시,경남,,,,,"기간 5일→9일 확대, 야간 프로그램(날짜·규모 미확인)",미확인,https://newsseoul.co.kr/news/view/1065593421077298,하,날짜 미확인
통영한산대첩축제,통영한산대첩축제(제62회),6,2023,2023-08-04,2023-08-12,,개최,한산대첩광장·강구안 일원,경남 통영시,경남,,,,,미확인,미확인,https://www.fnnews.com/news/202306281522371766 https://www.metroseoul.co.kr/article/20231024500328,중,종료일 8/12 vs 8/13 기사 불일치
통영한산대첩축제,통영한산대첩축제(제63회),6,2024,2024-08-09,2024-08-14,,개최,한산대첩광장·강구안 문화마당·이순신공원·무전대로,경남 통영시,경남,,,,거북선 노 젓기 대회(초중고생 약 300명),미확인,폭염 대책 논의,https://www.newsseoul.co.kr/news/view/1065597042941027 https://www.ytn.co.kr/_ln/0115_202408091440531085,중,사전 보도 기간
통영한산대첩축제,통영한산대첩축제(제64회),6,2025,,,,개최,한산대첩광장 일원,경남 통영시,경남,,,,,"통영시 평가 23만3000여명 방문, 경제파급 약 250억원",미확인,https://mobile.newsis.com/view/NISX20251017_0003367464,중,"8월 개최, 날짜 미확인"
포항국제불빛축제,포항국제불빛축제,4,2020,,,,미확인,영일대해수욕장 일원,경북 포항시 북구,경북,,,,,,2021년이 '2년 만에 재개'(간접적으로 2020 미개최),https://kbmaeil.com/article/202111200321003,하,직접 확인 못함
포항국제불빛축제,포항국제불빛축제,4,2021,2021-11-20,2021-11-21,,축소,영일대해수욕장 일원,경북 포항시 북구,경북,,,,,"이틀간 현장 7만명 추산, 개막식 유튜브 생중계 15만명; 하이브리드(온·오프)",미확인,https://kbmaeil.com/article/202111210321039 https://www.segye.com/newsView/20211121508792,상,두 매체 일치; 평년(2019 150만명) 대비 축소
포항국제불빛축제,포항국제불빛축제,4,2022,,,,미확인,,경북 포항시,경북,,,,,,2023년이 '4년 만에 정상 재개'라는 보도(간접적으로 2022 정상개최 없음),https://www.fnnews.com/news/202305231750207043,하,"직접 기사 없음, 간접"
포항국제불빛축제,포항국제불빛축제,4,2023,,,,개최,형산강 체육공원 일대(해안 아님·강변),경북 포항시 남구,경북,,,,,"사흘간 25만명 이상, 메인 이벤트장 12만명(경찰 추산)",4년 만 정상 재개; 날짜는 5월 말(보도일 2023-05-23~28)로만 확인,https://www.imaeil.com/page/view/2023052816015533600 https://www.fnnews.com/news/202305231750207043 https://www.metroseoul.co.kr/article/20230313500534,중,"관람객 수 매일신문, 날짜 미확인; 장소는 메트로서울 사전보도상 형산강 체육공원(미검증)"
포항국제불빛축제,포항국제불빛축제,4,2024,2024-05-31,2024-06-02,,개최,영일대해수욕장 일원,경북 포항시 북구,경북,,,,데일리 불꽃쇼(5/31 저녁),미확인,미확인,https://kbmaeil.com/article/202405310395477 https://newsroom.posco.com/kr/?p=36479,중,경북매일 현장 기사(검색요약)
포항국제불빛축제,포항국제불빛축제,4,2025,2025-06-20,2025-06-22,국제불꽃쇼 6/21,축소,형산강 체육공원 일원(강변),경북 포항시 남구,경북,,,,,미확인,당초 5/30~6/1에서 대선 사전투표로 연기; 메인 프로그램 호우주의보로 취소(경북매일); 별도 포항불꽃쇼 10/29 영일대해수욕장 예정 보도,https://www.segye.com/newsView/20250415515127 https://kbmaeil.com/article/20250911500669 https://www.newsis.com/view/NISX20250609_0003206087,중,기간 표기 매체별 상이(뉴시스 14~22일)
포항철강마라톤,"포항철강마라톤(STEEL RUN, 제9회)",2,2025,,,6월,개최,영일대해수욕장,경북 포항시 북구,경북,,,,,8000여명 참가(보도),미확인,https://kbmaeil.com/article/20250614500075,하,날짜 정확히 미확인(기사 2025-06-14)
포항해변마라톤,포항해변마라톤(제22회 통일기원),2,2024,2024-04-28,2024-04-28,,개최,"포항종합운동장 출발, 송도해변·영일대해수욕장·환호해맞이공원",경북 포항시,경북,,,,하프·10km·5km·장애인부 5km; 송도해변~영일대~환호해맞이공원 왕복,"6300여명(역대 최다, 보도) / 다른 기사 6500여명",미확인,https://newsseoul.co.kr/news/view/1065601242409983 https://kbmaeil.com/article/202404280392185,상,두 매체(인원 소폭 차이)
해운대 북극곰 축제,해운대 북극곰 축제(제33회),1,2020,2020-01-04,2020-01-05,"본행사 1/5 10:00, 1/4 사전행사",개최,해운대해수욕장,부산 해운대구,부산,,,,겨울 바다 입수,미확인,미확인,https://www.busan.go.kr/eng/bsnews01/1410967,중,"부산시 사전 안내(개최 결과 기사 미확인, 코로나 이전 시기)"
해운대 북극곰 축제,해운대 북극곰 (수영)축제,1,2021,,,여름 행사,축소,해운대해수욕장,부산 해운대구,부산,,,,,"겨울 대회 대신 '북극곰 대회'라는 여름 행사로 개최(2021-06 YTN), 규모 미확인",미확인,https://www.ytn.co.kr/_ln/0115_202106192207184955,중,날짜는 YTN 기사일(2021-06-19) 부근으로만 확인
해운대 북극곰 축제,해운대 북극곰 축제(제35회),1,2022,2022-12-24,2022-12-24,,미확인,해운대해수욕장,부산 해운대구,부산,,,,1km 동행 수영대회 포함(안내글),미확인,미확인,https://www.clien.net/service/board/cm_swim/17723357,하,"커뮤니티 안내글뿐, 실제 개최 미확인"
해운대 북극곰 축제,해운대 북극곰 축제(제36회),1,2023,2023-12-16,2023-12-16,,개최,해운대해수욕장,부산 해운대구,부산,,,,겨울 바다 입수,"2000여명 참가(보도, 부산일보 주최)",미확인,https://www.kukinews.com/article/view/kuk202312170005,중,단일 매체
해운대 북극곰 축제,해운대 북극곰 축제,1,2024,,,,미확인,해운대해수욕장,부산 해운대구,부산,,,,,,제37회 참가신청 페이지 존재(연도 미표기),https://event-us.kr/bearbusan/event/95618,하,연도 확인 못함
해운대 북극곰 축제,해운대 북극곰 축제,1,2025,,,,미확인,해운대해수욕장,부산 해운대구,부산,,,,,,미확인,,하,못 찾음
해운대 카운트다운&해맞이 축제,해운대 카운트다운&해맞이 축제,4,2023,2022-12-31,2023-01-01,,개최,해운대해수욕장,부산 해운대구,부산,,,,,관람덱 수용인원 2000명 관리·안전요원 35명 계획(보도),미확인,https://www.newsis.com/view/NISX20221222_0002132007 https://www.fnnews.com/news/202211161522234655,하,연도 표기가 기사 본문에 불명확
해운대 카운트다운&해맞이 축제,해운대 카운트다운&해맞이 축제,4,2024,2023-12-31,2024-01-01,해맞이 06:50~08:00,개최,해운대해수욕장,부산 해운대구,부산,,,,,시민 3만여명(보도),같은 날 광안리 드론쇼 통신장애로 취소,https://www.twig24.com/news/local_bs/2024/01/01/20240101500033 https://xn--ok0b236bp0a.com/place/27875,중,뉴스1계열+행사정보사이트
해운대 카운트다운(2025),해운대 카운트다운(2025),4,2025,2024-12-31,2024-12-31,야간,취소,해운대해수욕장,부산 해운대구,부산,,,,,,드론 1000대 쇼 포함 카운트다운 취소(제주항공 참사 애도),https://www.twig24.com/news/local_bs/2024/12/30/20241230500098 https://sateconomy.co.kr/news/view/1065592556251797,상,취소 직접 보도
해운대모래축제,해운대모래축제,6,2020,,,,미확인,해운대해수욕장·구남로,부산 해운대구,부산,,,,,,미확인,,하,못 찾음
해운대모래축제,해운대모래축제,6,2021,2021-05-05,2021-05-09,,개최,해운대해수욕장·해운대광장(구남로),부산 해운대구,부산,,,,,미확인; 모래조각 5/30까지 전시,미확인,https://www.syu.ac.kr/?p=97451,하,비언론 페이지 1건
해운대모래축제,해운대모래축제,6,2022,2022-05-20,2022-05-23,,개최,해운대해수욕장·해운대광장 일대,부산 해운대구,부산,,,,,미확인,미확인,https://www.busan.go.kr/eng/bsview04/1538936,중,부산시 영문 행사 안내 1건
해운대모래축제,해운대모래축제,6,2023,2023-05-19,2023-05-22,,개최,해운대해수욕장·구남로 해운대광장,부산 해운대구,부산,,,,,미확인; 주제 '2030 미래를 향한 엑스포 모래바다',미확인,https://m.seoul.co.kr/news/2023/05/19/20230519800002 https://www.busan.go.kr/eng/bsnews01/1566155,중,서울신문+부산시
해운대모래축제,해운대모래축제,6,2024,2024-05-24,2024-05-27,,개최,해운대해수욕장 일원,부산 해운대구,부산,,,,,해운대구 휴대폰 위치 빅데이터 집계 101만명; 노컷뉴스는 '빅데이터 도입으로 공식 방문객 최저치' 보도(집계방식 논란),미확인,https://newsseoul.co.kr/news/view/1065595841323738 https://www.nocutnews.co.kr/news/5157562,중,집계 방식 상이
해운대모래축제,해운대모래축제(20주년),6,2025,2025-05-16,2025-05-19,,개최,해운대해수욕장 일원,부산 해운대구,부산,,,,,미확인; 해외 작가 14명,미확인,https://v.daum.net/v/20250506144855227?f=p https://www.twig24.com/news/local_bs/2025/04/17/20250417024002,중,두 매체
호미곶한민족해맞이축전,호미곶한민족해맞이축전(제22회),4,2020,2019-12-31,2020-01-01,"1박2일(12/31 오후~1/1 오전), 1/1 07:00부터 떡국 1만명분",개최,호미곶해맞이광장,경북 포항시 남구 호미곶면,경북,,,,,방문객 수 미확인(떡국 1만명분 제공 계획); 블랙이글스 축하비행 계획,미확인,https://kbmaeil.com/article/201912110266549 https://www.imaeil.com/page/view/2019122410240684523,중,"사전 보도만 확인, 당일 개최 결과 기사 직접 확인 못함"
호미곶한민족해맞이축전,호미곶한민족해맞이축전,4,2021,,,,취소,호미곶해맞이광장,경북 포항시 남구 호미곶면,경북,,,,,,"포항시 축전 취소, 12/31~1/1 광장 전면 폐쇄·출입 통제",https://kbmaeil.com/article/202012310296065 https://kbmaeil.com/article/202101010296074 https://m.go.seoul.co.kr/news/2020/12/30/20201230500097,상,취소·폐쇄 직접 보도
호미곶한민족해맞이축전,호미곶한민족해맞이축전,4,2022,,,,취소,호미곶해맞이광장,경북 포항시 남구 호미곶면,경북,,,,,,'올해도 취소…출입도 통제'(2021-12-10 보도),https://www.twig24.com/news/local_gs/Kybook_gs/2021/12/10/20211210500069 https://kbmaeil.com/article/202112130322959,상,취소 직접 보도
호미곶한민족해맞이축전,호미곶한민족해맞이축전(제25회),4,2023,2023-01-01,2023-01-01,일출 시각,취소,호미곶해맞이광장,경북 포항시 남구 호미곶면,경북,,,,,공식행사 취소(30만명 이상 집중 우려); 당일 수만명 자발 방문·극심한 교통정체; 경북경찰 호미곶·영일대·삼사 등 5만9000여명 예상,공식행사는 이태원 후 다중밀집사고 예방·코로나로 취소,https://m.go.seoul.co.kr/news/2022/12/07/20221207500090 https://www.kbmaeil.com/article/202301010351697 https://www.kbmaeil.com/article/202212060349795,상,공식행사 취소지만 인파는 있었음 — 분석시 '행사 없음/인파 있음' 구분 필요
호미곶한민족해맞이축전,호미곶한민족해맞이축전,4,2024,2023-12-31,2024-01-01,일출 시각,개최,호미곶해맞이광장,경북 포항시 남구 호미곶면,경북,,,,,"3만여명 운집(보도), 코로나 이후 4년 만 개최; 먹구름으로 일출 못 봄",미확인,https://kbmaeil.com/article/202401010380679 https://kbmaeil.com/article/202401010380746,중,경북매일 단일 매체
호미곶한민족해맞이축전,호미곶한민족해맞이축전,4,2025,2025-01-01,2025-01-01,,취소,호미곶해맞이광장,경북 포항시 남구 호미곶면,경북,,,,,"공식행사 전면 취소, 추모의 벽 설치; 당일 약 2만2천명 방문(보도)",제주항공 참사(2024-12-29) 국가애도기간으로 취소,https://kbmaeil.com/article/202501010415604 https://m.seoul.co.kr/news/2024/12/30/20241230500184,상,취소·방문 인원 보도
화성 뱃놀이축제,화성 뱃놀이축제,6,2020,,,,미확인,전곡항 일원,경기 화성시 서신면,경기,,,,,,미확인,,하,못 찾음
화성 뱃놀이축제,화성 뱃놀이축제,6,2021,,,,미확인,전곡항 일원,경기 화성시 서신면,경기,,,,,,미확인,,하,못 찾음
화성 뱃놀이축제,화성 뱃놀이축제(제12회),6,2022,2022-09-16,2022-09-18,,개최,전곡항 일원,경기 화성시 서신면,경기,,,,,8만7천여명(시 집계),미확인,https://newsseoul.co.kr/news/view/179588195960590 https://newsseoul.co.kr/news/view/1065587414307299,중,동일 매체
화성 뱃놀이축제,화성 뱃놀이축제(제13회),6,2023,2023-06-09,2023-06-11,,개최,전곡항·제부도,경기 화성시 서신면,경기,,,,전국 낚시대회·해상 퍼레이드·야간 선상 불꽃놀이 포함,21만명(발표),미확인,https://newsseoul.co.kr/news/view/1065587414307299 https://www.fnnews.com/news/202306121350207329,상,두 매체
화성 뱃놀이축제,화성 뱃놀이축제(제14회),6,2024,2024-05-31,2024-06-02,,개최,전곡항 일원,경기 화성시 서신면,경기,,,,,미확인,미확인,https://www.ajunews.com/view/20240519111448787,중,사전 보도
화성 뱃놀이축제,화성 뱃놀이축제(제15회),6,2025,2025-05-30,2025-06-01,,개최,전곡항 일원,경기 화성시 서신면,경기,,,,승선체험 선박 59척,미확인,미확인,https://www.sidae.com/article/2025052713181674134 https://www.hankyung.com/article/202506020984h,상,두 매체
