cctv_idx,카메라이름,주소,위도,경도,비고
2,(진두항-2),인천 옹진군 영흥면 영흥로 109-16,37.2312,126.4892,영흥도 진두항
5,(진두항-1),인천 옹진군 영흥면 영흥로 109-16,37.2312,126.4892,영흥도 진두항
6,(진두항-3),인천 옹진군 영흥면 영흥로 109-16,37.2312,126.4892,영흥도 진두항
7,(신도선착장),인천 옹진군 북도면 신도로 5,37.6297,126.4082,신도
8,(장봉선착장),인천 옹진군 북도면 장봉로 42,37.6423,126.3638,장봉도
9,(선재 어촌계),인천 옹진군 영흥면 선재로 5,37.2608,126.4573,선재도
10,(자월선착장),인천 옹진군 자월면 자월동로 38,37.2147,126.2994,자월도
11,(소청항 조명탑),인천 옹진군 대청면 소청동로 1,37.7741,124.7382,소청도
12,(소청매표소 앞),인천 옹진군 대청면 소청동로 9,37.7745,124.7378,소청도
13,(선진포항 조명탑),인천 옹진군 대청면 대청로 2,37.8251,124.7178,대청도 선진포
14,(선진포항 전광판),인천 옹진군 대청면 대청로 10,37.8253,124.7182,대청도 선진포
15,(수협공판장 조명탑-1),인천 옹진군 대청면 대청로 30,37.8261,124.7192,대청도
16,(진두 구한전철탑),인천 옹진군 영흥면 영흥북로 55-6,37.2553,126.4601,영흥도
17,(대연평 내항),인천 옹진군 연평면 연평로 8,37.6678,125.6918,대연평도
18,(대연평 외항),인천 옹진군 연평면 연평로 8,37.6678,125.6918,대연평도
19,(대연평항),인천 옹진군 연평면 연평로 10,37.6682,125.6921,대연평도
20,(진리항),인천 옹진군 덕적면 덕적북로133번길 31,37.2312,126.1378,덕적도
21,(구용기포항1),인천 옹진군 백령면 백령로 10,37.9601,124.6711,백령도 용기포
22,(두무진항-1),인천 옹진군 백령면 두무진로 558-1,37.9731,124.6194,백령도 두무진
23,(장촌항-1),인천 옹진군 백령면 장촌길 172-4,37.9509,124.7201,백령도 장촌
24,(소연평항),인천 옹진군 연평면 소연평로 161-94,37.6478,125.7084,소연평도
25,(소이작 큰마을 선착장),인천 옹진군 자월면 소이작로 32,37.2071,126.2738,소이작도
26,(소이작 벌안 선착장),인천 옹진군 자월면 소이작로 307,37.2103,126.2818,소이작도
27,(대이작 선착장),인천 옹진군 자월면 대이작로 4,37.2218,126.2963,대이작도
28,(도우 선착장),인천 옹진군 덕적면 덕적북로 34,37.2371,126.1421,덕적도
29,(소야 선착장),인천 옹진군 덕적면 소야로7번길 4,37.2518,126.1288,소야도
30,(두무진항-2),인천 옹진군 백령면 두무진로 558,37.9729,124.6192,백령도 두무진
31,(수협공판장 조명탑-2),인천 옹진군 대청면 대청로 30,37.8261,124.7192,대청도
32,(진말선착장),인천 옹진군 덕적면 덕적북로 2,37.2362,126.1394,덕적도
33,(소야대교),인천 옹진군 덕적면 덕적북로 2,37.2362,126.1394,덕적도 소야대교
34,(장촌항-2),인천 옹진군 백령면 장촌길 2,37.9489,124.7178,백령도 장촌
35,(고봉포-1),인천 옹진군 백령면 가을길 8,37.9671,124.6823,백령도 고봉포
36,(고봉포-2),인천 옹진군 백령면 장촌길 17,37.9512,124.7183,백령도 고봉포
37,(소야 큰말 선착장),인천 옹진군 덕적면 소야로 23,37.2531,126.1312,소야도
38,(다싯물선착장),인천 옹진군 자월면 자월서로 224,37.2183,126.2878,자월도
39,(승봉선착장),인천 옹진군 자월면 승봉로 45-18,37.1748,126.3124,승봉도
40,(울도항),인천 옹진군 덕적면 울도로 164,37.1882,126.0814,울도
41,(구용기포항2),인천 옹진군 백령면 백령로 12-1,37.9603,124.6714,백령도 용기포
42,(북2리 물량장1),인천 옹진군 덕적면 덕적북로 594-1,37.2518,126.1623,덕적도 북2리
43,(북2리 물량장2),인천 옹진군 덕적면 덕적북로518번길 77,37.2512,126.1618,덕적도 북2리
44,(수협공판장 조명탑-3),인천 옹진군 대청면 대청로 30,37.8261,124.7192,대청도
45,(수협공판장 조명탑-4),인천 옹진군 대청면 대청로 30,37.8261,124.7192,대청도
47,(용기포신항),인천 옹진군 백령면 백령로 68-81,37.9593,124.6698,백령도 용기포
48,(배수갑문(좌)),인천 옹진군 백령면 백령로938번길 80,37.9718,124.7148,백령도 배수갑문
49,(배수갑문(우)),인천 옹진군 백령면 백령로938번길 80,37.9718,124.7148,백령도 배수갑문
50,(중화동 포구),인천 옹진군 백령면 중화1길 3,37.9621,124.7053,백령도 중화동
52,(북포리 중앙배수로(우)),인천 옹진군 백령면 화동로 256-120,37.9738,124.6982,백령도 북포리
53,(백령대교 외수문),인천 옹진군 백령면 백령남로 308-307,37.9558,124.6894,백령도
56,(연육교 인근 어선 선착장),(주소없음-연평도 연육교 부근),37.6621,125.6872,연평도 연육교
57,(노화동 파도방파제 주변),인천 옹진군 대청면 소청서로105번길 60-6,37.7768,124.7341,소청도 노화동
58,(아진포항),(주소없음),37.9651,124.6841,백령도 추정
59,(대이작 관용선 부잔교 앞(부잔교 방향)),인천 옹진군 자월면 대이작로 2,37.2214,126.2958,대이작도
60,(대이작 관용선 부잔교 앞(여객선착장향)),인천 옹진군 자월면 대이작로 2,37.2214,126.2958,대이작도
61,(답동 어선전용 부잔교 앞 조명탑),인천 옹진군 대청면 소청동로 1,37.7741,124.7382,소청도 답동
63,(북포리 중앙배수로 (좌)),인천 옹진군 백령면 화동로 256-120,37.9738,124.6982,백령도 북포리
64,(오군포구 어선 선착장),인천 옹진군 백령면 콩돌로 271,37.9583,124.6782,백령도 오군포
65,(사항포구),인천 옹진군 백령면 가을길 79,37.9681,124.6848,백령도 사항
66,(소이작 벌안항 부잔교),인천 옹진군 자월면 대이작로 1,37.2089,126.2781,소이작도 벌안항
67,(대청도 선외기 (우)),인천 옹진군 대청면 대청남로 4,37.8241,124.7162,대청도
68,(대청도 선외기 (좌)),인천 옹진군 대청면 대청남로 4,37.8241,124.7162,대청도
70,(대청도 여객선 선착장),인천 옹진군 대청면 대청남로 4,37.8241,124.7162,대청도
71,(신도선착장 조명탑),인천 옹진군 북도면 신도로 3,37.6294,126.4078,신도
72,(시도리 선착장 입구),인천 옹진군 북도면 시도로86번길 266,37.6341,126.4214,시도
73,(장봉매표소 뒤 조명탑),인천 옹진군 북도면 장봉로 20,37.6418,126.3621,장봉도
74,(야달선착장 한전주),인천 옹진군 북도면 장봉로 14-24,37.6408,126.3604,장봉도 야달
75,(대빈창 입구 한전주),인천 옹진군 북도면 장봉로 740-70,37.6491,126.3894,장봉도 대빈창
76,(아리까리 삼거리 인근 한전주),인천 옹진군 연평면 연평로 157,37.6702,125.7012,대연평도
77,(메드라까리 삼거리 한전주),인천 옹진군 연평면 연평로468번길 111,37.6651,125.6978,대연평도
78,(동방파제 앞 무단투기주),인천 옹진군 연평면 연평로 485,37.6723,125.7038,대연평도 동방파제
79,(연평발전소 앞 한전주),인천 옹진군 연평면 연평로 263,37.6712,125.7024,대연평도
80,(새마을리마을 앞 가로등주),인천 옹진군 연평면 연평로312번길 28-5,37.6641,125.6948,대연평도 새마을리
81,(백령대교 외수문 인근),인천 옹진군 백령면 백령로 503-13,37.9562,124.6898,백령도
82,(중앙배수로 인근 한전주),인천 옹진군 백령면 화동로 138,37.9698,124.7012,백령도 화동
83,(대부해운 매표소 앞 조명탑),인천 옹진군 덕적면 덕적북로 20,37.2368,126.1412,덕적도
84,(밧지름 해변 금속주),인천 옹진군 덕적면 덕적남로 207-1,37.2178,126.1284,덕적도 밧지름
85,(서포1리 해수욕장 한전주),인천 옹진군 덕적면 덕적남로531번길 59,37.2041,126.1562,덕적도 서포리
86,(여객선 선착장 한전주),인천 옹진군 덕적면 덕적남로531번길 81,37.2044,126.1568,덕적도 서포리
87,(헬기장 인근 한전주),인천 옹진군 덕적면 덕적남로587번길 108,37.2021,126.1592,덕적도
88,(떼뿌루해안 방범폴),인천 옹진군 덕적면 소야로202번길 86,37.2478,126.1238,소야도 떼뿌루
89,(문갑 안선착장 한전주),인천 옹진군 덕적면 문갑로 63-1,37.2288,126.0894,문갑도
90,(여객선 부두 앞 한전주),인천 옹진군 덕적면 굴업로 39,37.2124,126.1638,굴업도
91,(보건소마을 중간선착장 앞 한전주),인천 옹진군 덕적면 백아로 74,37.2194,126.0724,백아도
92,(지도리여객선 선착장 앞 조명탑),인천 옹진군 덕적면 지도로 11,37.2341,126.1748,지도
93,(승봉대합실 옥상 마을방송주),인천 옹진군 자월면 승봉로 19,37.1751,126.3118,승봉도
94,(이일레 해수욕장 화장실옥상 통신주),인천 옹진군 자월면 승봉로116번길 49-9,37.1762,126.3141,승봉도 이일레
95,(파출소 앞 해안도로 자립식 금속주),인천 옹진군 영흥면 영흥북로 34,37.2534,126.4598,영흥도
96,(중앙천 배수갑문 금속주),인천 옹진군 영흥면 영흥로 438,37.2478,126.5018,영흥도
97,(노가리해변 금속주),인천 옹진군 영흥면 영흥남로9번길 408,37.2281,126.4912,영흥도 노가리해변
98,(장경리 해수욕장 가로등주),인천 옹진군 영흥면 영흥로 751,37.2441,126.5124,영흥도 장경리
99,(십리포 해수욕장 인근 경계탑),인천 옹진군 영흥면 영흥북로 389,37.2648,126.4782,영흥도 십리포
