관측소코드,관측소명,날짜,고조1시간,고조1조위,저조1시간,저조1조위,고조2시간,고조2조위,저조2시간,저조2조위
"DT_0017","대산","2028-01-09","2028-01-09 00:00","738","2028-01-09 00:00","71","","","",""
"DT_0017","대산","2028-01-10","2028-01-10 00:00","654","2028-01-10 00:00","82","","","",""
"DT_0018","군산","2028-01-09","2028-01-09 00:00","623","2028-01-09 00:00","95","","","",""
"DT_0018","군산","2028-01-10","2028-01-10 00:00","563","2028-01-10 00:00","102","","","",""
"DT_0020","울산","2028-01-09","2028-01-09 00:00","53","2028-01-09 00:00","16","","","",""
"DT_0020","울산","2028-01-10","2028-01-10 00:00","51","2028-01-10 00:00","16","","","",""
"DT_0021","추자도","2028-01-09","2028-01-09 00:00","255","2028-01-09 00:00","68","","","",""
"DT_0021","추자도","2028-01-10","2028-01-10 00:00","226","2028-01-10 00:00","132","","","",""
"DT_0022","성산포","2028-01-09","2028-01-09 00:00","217","2028-01-09 00:00","61","","","",""
"DT_0022","성산포","2028-01-10","2028-01-10 00:00","176","2028-01-10 00:00","52","","","",""
"DT_0023","모슬포","2028-01-09","2028-01-09 00:00","239","2028-01-09 00:00","65","","","",""
"DT_0023","모슬포","2028-01-10","2028-01-10 00:00","240","2028-01-10 00:00","57","","","",""
"DT_0024","장항","2028-01-09","2028-01-09 00:00","637","2028-01-09 00:00","94","","","",""
"DT_0024","장항","2028-01-10","2028-01-10 00:00","576","2028-01-10 00:00","92","","","",""
"DT_0025","보령","2028-01-09","2028-01-09 00:00","668","2028-01-09 00:00","107","","","",""
"DT_0025","보령","2028-01-10","2028-01-10 00:00","606","2028-01-10 00:00","118","","","",""
"DT_0026","고흥발포","2028-01-09","2028-01-09 00:00","285","2028-01-09 00:00","69","","","",""
"DT_0026","고흥발포","2028-01-10","2028-01-10 00:00","255","2028-01-10 00:00","135","","","",""
"DT_0027","완도","2028-01-09","2028-01-09 00:00","332","2028-01-09 00:00","85","","","",""
"DT_0027","완도","2028-01-10","2028-01-10 00:00","324","2028-01-10 00:00","78","","","",""
"DT_0028","진도","2028-01-09","2028-01-09 00:00","311","2028-01-09 00:00","66","","","",""
"DT_0028","진도","2028-01-10","2028-01-10 00:00","276","2028-01-10 00:00","135","","","",""
"DT_0029","거제도","2028-01-09","2028-01-09 00:00","168","2028-01-09 00:00","39","","","",""
"DT_0029","거제도","2028-01-10","2028-01-10 00:00","172","2028-01-10 00:00","61","","","",""
"DT_0031","거문도","2028-01-09","2028-01-09 00:00","290","2028-01-09 00:00","128","","","",""
"DT_0031","거문도","2028-01-10","2028-01-10 00:00","285","2028-01-10 00:00","76","","","",""
"SO_0631","암태도","2028-01-09","2028-01-09 00:00","411","2028-01-09 00:00","64","","","",""
"SO_0631","암태도","2028-01-10","2028-01-10 00:00","369","2028-01-10 00:00","145","","","",""
"SO_0699","천리포항","2028-01-09","2028-01-09 00:00","649","2028-01-09 00:00","86","","","",""
"SO_0699","천리포항","2028-01-10","2028-01-10 00:00","555","2028-01-10 00:00","97","","","",""
"SO_0700","호도","2028-01-09","2028-01-09 00:00","593","2028-01-09 00:00","85","","","",""
"SO_0700","호도","2028-01-10","2028-01-10 00:00","528","2028-01-10 00:00","94","","","",""
"SO_0701","홍도항","2028-01-09","2028-01-09 00:00","294","2028-01-09 00:00","57","","","",""
"SO_0701","홍도항","2028-01-10","2028-01-10 00:00","258","2028-01-10 00:00","118","","","",""
"SO_0702","진도옥도","2028-01-09","2028-01-09 00:00","289","2028-01-09 00:00","59","","","",""
"SO_0702","진도옥도","2028-01-10","2028-01-10 00:00","251","2028-01-10 00:00","131","","","",""
"SO_0703","땅끝항","2028-01-09","2028-01-09 00:00","307","2028-01-09 00:00","76","","","",""
"SO_0703","땅끝항","2028-01-10","2028-01-10 00:00","268","2028-01-10 00:00","144","","","",""
"SO_0704","소안항","2028-01-09","2028-01-09 00:00","296","2028-01-09 00:00","77","","","",""
"SO_0704","소안항","2028-01-10","2028-01-10 00:00","308","2028-01-10 00:00","70","","","",""
"SO_0705","마량항","2028-01-09","2028-01-09 00:00","355","2028-01-09 00:00","86","","","",""
"SO_0705","마량항","2028-01-10","2028-01-10 00:00","344","2028-01-10 00:00","79","","","",""
"SO_0706","청산도","2028-01-09","2028-01-09 00:00","308","2028-01-09 00:00","77","","","",""
"SO_0706","청산도","2028-01-10","2028-01-10 00:00","301","2028-01-10 00:00","69","","","",""
"SO_0707","시산항","2028-01-09","2028-01-09 00:00","328","2028-01-09 00:00","130","","","",""
"SO_0707","시산항","2028-01-10","2028-01-10 00:00","258","2028-01-10 00:00","74","","","",""
"SO_0708","안도항","2028-01-09","2028-01-09 00:00","267","2028-01-09 00:00","110","","","",""
"SO_0708","안도항","2028-01-10","2028-01-10 00:00","286","2028-01-10 00:00","124","","","",""
"SO_0709","두문포","2028-01-09","2028-01-09 00:00","261","2028-01-09 00:00","99","","","",""
"SO_0709","두문포","2028-01-10","2028-01-10 00:00","276","2028-01-10 00:00","111","","","",""
"SO_0710","봉우항","2028-01-09","2028-01-09 00:00","284","2028-01-09 00:00","98","","","",""
"SO_0710","봉우항","2028-01-10","2028-01-10 00:00","297","2028-01-10 00:00","112","","","",""
"SO_0711","창선도","2028-01-09","2028-01-09 00:00","251","2028-01-09 00:00","90","","","",""
"SO_0711","창선도","2028-01-10","2028-01-10 00:00","262","2028-01-10 00:00","102","","","",""