bin,spots,events,per_spot_per_year,fatal,coast_cells_mean,share_with_fatal_zone
0,222,166,0.14954954954954955,34,47.549549549549546,0.0
1,207,253,0.24444444444444446,34,42.47826086956522,0.2898550724637681
13+,2,11,1.1,1,33.0,1.0
2,190,348,0.3663157894736842,41,28.236842105263158,0.4421052631578947
3,235,409,0.34808510638297874,54,22.357446808510637,0.5234042553191489
4-5,270,689,0.5103703703703704,84,22.12962962962963,0.5888888888888889
6-8,199,466,0.4683417085427136,52,17.105527638190956,0.6331658291457286
9-12,29,86,0.5931034482758621,8,14.206896551724139,1.0
[출발안] 0,222,166,0.14954954954954955,34,47.549549549549546,0.0
[출발안] 1-2,397,601,0.30277078085642317,75,35.6624685138539,0.36272040302267
[출발안] 3-5,505,1098,0.4348514851485149,138,22.235643564356437,0.5584158415841585
[출발안] 6+,230,563,0.4895652173913043,61,16.878260869565217,0.6826086956521739
