bin,n,p_any,p_경보,var,share_of_warn_days_caught
"[0.0, 0.5)",33450,0.01805680119581465,0.003467862481315396,wh_max,
"[0.5, 1.0)",27248,0.07475778038755138,0.0034497944803288313,wh_max,
"[1.0, 1.5)",14978,0.1856723194017893,0.011216450794498598,wh_max,
"[1.5, 2.0)",7775,0.43112540192926047,0.019807073954983923,wh_max,
"[2.0, 2.5)",3219,0.7791239515377446,0.035104069586828206,wh_max,
"[2.5, 3.0)",1455,0.9532646048109966,0.08109965635738832,wh_max,
"[3.0, 4.0)",1248,0.9847756410256411,0.30849358974358976,wh_max,
"[4.0, 99.0)",445,0.9887640449438202,0.8067415730337079,wh_max,
"[0, 6)",34768,0.02208927749654855,0.0036527841693511274,ws_max,
"[6, 8)",21602,0.059438940838811224,0.003981112859920378,ws_max,
"[8, 10)",15920,0.16099246231155778,0.006721105527638191,ws_max,
"[10, 12)",9710,0.3805355303810505,0.01349124613800206,ws_max,
"[12, 14)",4777,0.6759472472262926,0.041029935105714885,ws_max,
"[14, 17)",2546,0.9073055773762765,0.20856245090337786,ws_max,
"[17, 99)",495,0.9878787878787879,0.6646464646464646,ws_max,
파고≥1.5 또는 풍속≥10,22233,0.5334862591643054,0.057527099356811946,OR,0.8272422932068629
파고≥2.0 또는 풍속≥12,10496,0.7832507621951219,0.11537728658536585,OR,0.5733714604547356
파고≥2.5 또는 풍속≥14,4680,0.9358974358974359,0.23525641025641025,OR,0.3054819361138234
파고≥3.0 또는 풍속≥14,3718,0.9308768154922001,0.28348574502420654,OR,0.24138652531733854
파고≥3.0 또는 풍속≥17,1844,0.985357917570499,0.44739696312364424,OR,0.1267261821732459
파고≥4.0 또는 풍속≥17,729,0.9876543209876543,0.691358024691358,OR,0.05021620867624494
