stn,name,lat,lon,elev,anemo_h,addr,coast_m,in_land,days_ok
12,안면도(감),36.5333,126.3167,60.0,,충청남도 태안군 안면읍 승언리,995,0,2163
96,독도,37.2395,131.8698,99.08,5.0,경상북도 울릉군 울릉읍 독도리,88504,0,2176
160,부산(레),35.1188,129.0,512.0,,부산광역시 서구 서대신동3가,4050,0,2182
300,말도,35.858,126.3151,44.18,10.0,전북특별자치도 군산시 옥도면 말도리,28,1,2150
301,임자도,35.0952,126.1164,13.72,10.0,전남광주통합특별시 신안군 임자면 진리,115,1,2010
302,장산도,34.6647,126.1593,17.03,,전라남도 신안군 장산면 오음리,468,1,2167
303,가거도,34.0728,125.0974,105.88,10.0,전남광주통합특별시 신안군 흑산면 가거도리,276,1,2163
304,신지도,34.318,126.8485,25.41,,전라남도 완도군 신지면 월양리,941,1,2182
305,여서도,33.9862,126.9201,35.38,,전라남도 완도군 청산면 여서리,92,1,2191
306,소리도,34.4319,127.8011,3.04,10.0,전남광주통합특별시 여수시 남면 연도리,15,1,2167
308,옥도,34.687,126.073,8.23,,전라남도 신안군 하의면 옥도리,92,1,2135
310,궁촌,37.3247,129.2647,14.07,,강원특별자치도 삼척시 근덕면 궁촌리,136927,0,2182
313,양지암,34.8821,128.7413,70.0,10.0,경상남도 거제시 능포동,243,1,1882
319,천부,37.5373,130.8708,58.05,,경상북도 울릉군 북면 천부리,230,1,2131
328,중문,33.2494,126.406,63.64,,제주특별자치도 서귀포시 색달동,629,1,2181
426,백령(레),37.9661,124.6305,147.29,9.4,인천광역시 옹진군 백령면 연화리,729,1,2121
427,김포장기,37.6428,126.6734,10.54,,경기도 김포시 장기동,11743,0,2141
501,대연평,37.6589,125.6982,7.63,10.0,인천광역시 옹진군 연평면 연평리,226,1,2187
502,교동,37.7894,126.2916,13.94,10.0,인천광역시 강화군 교동면 고구리,1625,1,2183
508,왕산,37.4665,126.3609,140.91,10.0,인천광역시 영종구 을왕동,369,1,2167
511,경서동,37.5675,126.6351,7.13,10.0,인천광역시 서해구 경서동,5670,0,2161
512,인천연수,37.3968,126.6621,8.13,10.0,인천광역시 연수구 동춘동,4926,0,2175
513,덕적지도,37.0655,126.0143,29.53,10.0,인천광역시 옹진군 덕적면 백아리,79,1,2151
514,대부도,37.2377,126.5787,10.0,10.0,경기도 안산시단원구 대부남동,631,1,2170
515,운평,37.0845,126.7739,10.47,,경기도 화성시 우정읍 운평리,15255,0,2185
517,간성,38.3851,128.4752,6.0,10.0,강원특별자치도 고성군 간성읍 동호리,103891,0,2186
523,주문진,37.8985,128.8214,8.94,,강원특별자치도 강릉시 주문진읍 주문리,165485,0,2185
524,강문,37.7858,128.9248,6.61,,강원특별자치도 강릉시 강문동,167431,0,2187
529,원덕,37.1416,129.2859,36.07,,강원특별자치도 삼척시 원덕읍 산양리,139693,0,2190
530,태하,37.5151,130.8118,178.0,10.0,경상북도 울릉군 서면 태하리,820,1,2142
543,영종도,37.499,126.5496,25.79,,인천광역시 중구 운남동,1998,1,2175
544,전곡항,37.1857,126.6544,10.96,,경기도 화성시 서신면 전곡리,2362,0,2182
545,안산,37.281,126.8385,5.92,,경기도 안산시상록구 사동,19498,0,2165
553,대진,38.4924,128.4281,21.47,,강원특별자치도 고성군 현내면 초도리,91994,0,2192
565,시흥,37.3915,126.778,5.77,10.0,경기도 시흥시 장곡동,15188,0,2175
566,연곡,37.8516,128.8192,8.36,,강원특별자치도 강릉시 연곡면 송림리,169719,0,2187
570,금곡,37.6232,126.6423,33.72,10.0,인천광역시 검단구 금곡동,8427,0,2147
577,장봉도,37.5341,126.3365,11.41,,인천광역시 옹진군 북도면 장봉리,399,1,2178
578,호도,36.3012,126.2663,8.09,,충청남도 보령시 오천면 녹도리,196,1,2165
580,옥계,37.6135,129.0289,58.41,,강원특별자치도 강릉시 옥계면 현내리,156191,0,2185
606,대산,37.0106,126.3881,23.22,10.0,충청남도 서산시 대산읍 대죽리,3474,0,2140
607,근흥,36.6731,126.1354,6.71,7.0,충청남도 태안군 근흥면 신진도리,107,1,2189
609,삽시도,36.338,126.3562,39.65,10.0,충청남도 보령시 오천면 삽시도리,645,1,2176
610,홍성죽도,36.52,126.4424,16.88,,충청남도 홍성군 서부면 죽도리,3898,0,2157
614,서천,36.0625,126.7041,9.59,10.0,충청남도 서천군 마서면 계동리,11178,0,2170
616,당진,36.8894,126.6174,52.4,10.0,충청남도 당진시 채운동,17752,0,2173
627,태안,36.7585,126.2964,41.94,,충청남도 태안군 태안읍 남문리,15479,0,2159
631,송도,37.3478,126.6154,9.74,10.0,인천광역시 연수구 송도동,5143,0,2190
634,아산,36.8458,126.8654,29.5,10.0,충청남도 아산시 인주면 금성리,11576,0,2180
637,신평,36.879,126.8238,9.01,10.0,충청남도 당진시 신평면 운정리,6910,0,2188
645,서부,36.5789,126.511,16.9,10.0,충청남도 홍성군 서부면,11414,0,2185
646,춘장대,36.1741,126.5285,7.74,10.0,충청남도 서천군 서면 부사리,12585,0,2178
654,자월도,37.254,126.3076,10.46,10.0,인천광역시 옹진군 자월면 자월리,265,1,2187
655,소청도,37.7602,124.7291,83.0,8.0,인천광역시 옹진군 대청면 소청리,29,1,2133
656,볼음도,37.6873,126.1934,49.15,10.0,인천광역시 강화군 서도면 볼음도리,31,1,2184
657,대천항,36.3244,126.5021,31.65,10.0,충청남도 보령시 신흑동,5143,0,2124
658,만리포,36.7683,126.1214,10.0,10.0,충청남도 태안군 소원면 모항리,6625,0,2157
661,현내,38.5425,128.4019,5.0,10.0,강원특별자치도 고성군 현내면 명파리,86270,0,2185
662,승봉도,37.1706,126.297,10.19,7.0,인천광역시 옹진군 자월면 승봉리,313,1,2174
664,영흥도,37.2247,126.4584,17.72,10.0,인천광역시 옹진군 영흥면 외리,5,1,2180
665,무의도,37.3904,126.4252,28.32,,인천광역시 중구 무의동,586,1,2179
666,안도,36.9587,126.1683,32.47,,충청남도 태안군 원북면 방갈리,12683,0,1984
667,옹도,36.6476,126.0093,58.0,,충청남도 태안군 근흥면 가의도리,4444,0,2148
669,외연도,36.2292,126.0758,17.86,,충청남도 보령시 오천면 외연도리,56,1,2152
670,양양,38.0887,128.6295,7.0,,강원특별자치도 양양군 양양읍 송암리,138578,0,2188
671,청호,38.1909,128.5936,3.65,,강원특별자치도 속초시 조양동,127419,0,2187
672,상하,35.4424,126.4884,10.42,10.0,전북특별자치도 고창군 상하면 장산리,10470,0,2187
677,달방댐,37.5173,129.0213,120.04,10.0,(산지)강원특별자치도 동해시 신흥동,156642,0,1830
697,서거차도,34.2506,125.9183,1.1,,전라남도 진도군 조도면 서거차도리,75,1,1975
698,해제,35.0938,126.2851,26.92,,전라남도 무안군 해제면 광산리,3404,0,2172
699,무안,34.9838,126.4611,37.85,,전라남도 무안군 무안읍 교촌리,12688,0,2164
700,어청도,36.1251,125.9682,58.68,,전북특별자치도 군산시 옥도면 어청도리,77,1,2163
704,변산,35.621,126.4776,1.94,10.0,전북특별자치도 부안군 변산면 격포리,8775,0,2172
707,지도,35.058,126.2084,34.31,,전라남도 신안군 지도읍 읍내리,339,1,2186
712,순천시,34.9035,127.5193,2.5,,전라남도 순천시 해룡면 대안리,8761,0,2169
714,자은도,34.8791,126.0287,1.96,,전라남도 신안군 자은면 구영리,863,1,2183
716,하의도,34.6307,126.032,2.58,10.0,전남광주통합특별시 신안군 하의면 후광리,252,1,2179
717,의신,34.4275,126.3098,11.7,10.0,전남광주통합특별시 진도군 의신면 연주리,722,1,2178
718,상조도,34.333,126.0365,6.42,,전라남도 진도군 조도면 맹성리,314,1,2179
719,선유도,35.8088,126.3977,11.45,10.0,전북특별자치도 군산시 옥도면 장자도리,48,1,2191
720,보길도,34.1549,126.5499,27.12,,전라남도 완도군 보길면 부황리,1522,1,2177
721,금일,34.339,127.0283,4.17,10.0,전남광주통합특별시 완도군 금일읍 신구리,98,1,2183
723,거문도,34.0279,127.309,6.7,,전라남도 여수시 삼산면 거문리,77,0,2191
724,추자도,33.9578,126.3016,8.1,10.0,제주특별자치도 제주시 추자면 영흥리,30,1,2176
725,우도,33.5229,126.9541,9.23,,제주특별자치도 제주시 우도면 연평리,148,1,2158
726,마라도,33.1221,126.2679,11.58,,제주특별자치도 서귀포시 대정읍 가파리,32,1,2180
732,보성,34.7619,127.0921,145.53,10.0,전남광주통합특별시 보성군 보성읍 옥평리,15109,0,2167
736,진봉,35.8468,126.784,2.16,10.0,전북특별자치도 김제시 진봉면 고사리,13880,0,2165
738,줄포,35.5795,126.6739,16.0,10.0,전북특별자치도 부안군 줄포면 우포리,17639,0,2179
739,심원,35.5225,126.5467,12.57,10.0,전북특별자치도 고창군 심원면 도천리,5865,0,2178
742,운남,34.9389,126.3306,12.0,10.0,전남광주통합특별시 무안군 운남면 성내리,2764,0,2181
743,비금,34.7726,125.9469,8.2,,전라남도 신안군 비금면 지당리,771,1,2153
744,산이,34.6725,126.4365,5.59,,전라남도 해남군 산이면 덕송리,5343,0,2175
746,땅끝,34.3818,126.5159,8.82,,전라남도 해남군 송지면 미야리,5404,0,2157
747,청산도,34.1829,126.858,24.76,,전라남도 완도군 청산면 도청리,414,1,2180
748,벌교,34.8369,127.3631,1.6,,전라남도 보성군 벌교읍,7351,0,2176
749,도양,34.5347,127.1272,24.96,10.0,전남광주통합특별시 고흥군 도양읍 봉암리,1244,0,2172
750,백야,34.6278,127.6357,23.0,10.0,전남광주통합특별시 여수시 화양면 안포리,444,0,2191
754,함평,35.0604,126.5273,10.42,10.0,전남광주통합특별시 함평군 함평읍 기각리,19786,0,2152
756,위도,35.6015,126.282,4.22,,전라북도 부안군 위도면 진리,200,1,2185
766,여수산단,34.8495,127.715,78.86,10.0,전남광주통합특별시 여수시 적량동,2087,0,2138
767,포두,34.5885,127.3975,3.72,,전라남도 고흥군 포두면 송산리,1867,0,2172
769,염산,35.1993,126.3834,5.4,10.0,전남광주통합특별시 영광군 염산면 옥실리,15452,0,2183
771,안좌,34.7269,126.1446,3.36,,전라남도 신안군 안좌면 향목리,272,1,2188
772,수유,34.5321,126.2396,1.35,,전라남도 진도군 진도읍 수유리,71,1,1934
774,전남도청,34.8175,126.4662,11.17,10.0,전남광주통합특별시 무안군 삼향읍 남악리,3419,0,2176
777,관산,34.5563,126.9346,37.1,10.0,전남광주통합특별시 장흥군 관산읍 옥당리,10411,0,2164
779,한림,33.3927,126.2581,38.79,,제주특별자치도 제주시 한림읍 명월리,1186,1,2163
780,제주남원,33.2772,126.7044,25.86,,제주특별자치도 서귀포시 남원읍 남원리,539,1,2181
781,구좌,33.5199,126.8777,17.18,,제주특별자치도 제주시 구좌읍 하도리,914,1,2184
785,북일,34.4638,126.6763,13.04,10.0,전남광주통합특별시 해남군 북일면 신월리,5936,0,2188
786,돌산,34.6381,127.7741,17.0,10.0,전남광주통합특별시 여수시 돌산읍 서덕리,1872,1,2192
787,도화,34.5067,127.3172,12.3,10.0,전남광주통합특별시 고흥군 도화면 당오리,6751,0,2167
789,압해도,34.8764,126.2929,8.91,10.0,전남광주통합특별시 신안군 압해읍 신용리,557,1,2185
790,나로도,34.5326,127.4674,135.19,,전라남도 고흥군 동일면 덕흥리,312,1,2184
793,대정,33.241,126.2263,2.64,,제주특별자치도 서귀포시 대정읍 일과리,59,0,2182
796,초도,34.2378,127.2448,37.52,10.0,전남광주통합특별시 여수시 삼산면 초도리,108,1,2171
798,홍도,34.6855,125.1924,23.21,,전라남도 신안군 흑산면 홍도리,75,1,1966
799,낙월도,35.2022,126.1376,12.02,,전라남도 영광군 낙월면 상낙월리,28,1,2182
800,평해,36.7257,129.4437,6.43,10.0,경상북도 울진군 평해읍 평해리,147197,0,2187
802,온정,36.7574,129.3401,142.31,10.0,경상북도 울진군 온정면 외선미리,152934,0,2169
804,청하,36.1906,129.3392,37.23,10.0,경상북도 포항시북구 청하면 미남리,123074,0,2179
808,호미곶,36.076,129.5667,11.41,,경상북도 포항시 남구 호미곶면 대보리,117063,0,2180
816,구룡포,35.9831,129.5475,42.37,,경상북도 포항시남구 구룡포읍 병포리,106931,0,2186
844,영덕읍,36.4355,129.3586,22.38,10.0,경상북도 영덕군 영덕읍 구미리,150077,0,2186
850,감포,35.7847,129.4906,6.67,,경상북도 경주시 감포읍 나정리,84875,0,2165
851,소곡,37.0514,129.3521,79.82,10.0,경상북도 울진군 북면 소곡리,137301,0,2181
852,죽변,37.0606,129.426,41.0,10.0,경상북도 울진군 죽변면 죽변리,130803,0,2184
855,가파도,33.1733,126.2683,4.25,10.0,제주특별자치도 서귀포시 대정읍 가파리,89,0,2188
857,완도읍,34.3,126.7174,8.46,10.0,전남광주통합특별시 완도군 완도읍 중도리,332,1,2115
861,월정,33.5623,126.7781,34.0,,제주특별자치도 제주시 구좌읍 월정리,25,1,2165
863,외도,33.4769,126.4317,52.65,,제주특별자치도 제주시 외도일동,1786,1,2176
876,삼척,37.45,129.1621,57.07,,강원특별자치도 삼척시 교동,144444,0,2170
881,새만금,35.7295,126.5289,10.49,,전라북도 부안군 변산면 대항리,6099,0,2182
886,군산산단,35.9505,126.5912,5.79,,전라북도 군산시 내초동,4433,0,2188
893,애월,33.4659,126.3275,5.24,10.0,제주특별자치도 제주시 애월읍 애월리,207,1,2181
898,장생포,35.5048,129.386,1.57,10.0,울산광역시 남구 매암동,53258,0,2184
899,마산회원,35.2235,128.5822,33.3,7.0,경상남도 창원시 마산회원구 양덕동,14497,0,2181
901,울기,35.4868,129.4353,67.64,10.0,울산광역시 동구 방어동,54285,0,2175
907,삼천포,34.9321,128.0631,29.46,10.0,경상남도 사천시 대방동,2206,0,2185
908,진해,35.1122,128.7537,11.74,10.0,경상남도 창원시 진해구 성내동,1879,0,2174
909,서이말,34.7877,128.7383,109.74,,경상남도 거제시 일운면 지세포리,102,1,2187
910,영도,35.0661,129.0742,138.96,,부산광역시 영도구 동삼동,664,1,2160
911,매물도,34.6489,128.5772,69.02,,경상남도 통영시 한산면 매죽리,106,1,2149
913,상주면,34.7238,127.9816,19.65,10.0,경상남도 남해군 상주면 상주리,3638,0,2147
917,사천,35.0369,128.0677,25.79,10.0,경상남도 사천시 용현면 신복리,9879,0,2190
918,고성,34.9905,128.3309,7.03,10.0,경상남도 고성군 고성읍 죽계리,11505,0,2173
921,가덕도,34.9931,128.8314,75.63,,부산광역시 강서구 대항동,5341,0,1913
923,기장,35.2751,129.2511,65.99,10.0,부산광역시 기장군 장안읍 길천리,25541,0,2185
924,간절곶,35.3587,129.3603,22.23,,울산광역시 울주군 서생면 대송리,39098,0,2167
926,진북,35.1262,128.4748,13.33,10.0,경상남도 창원시 마산합포구 진북면 덕곡리,4862,0,2173
930,사량도,34.8099,128.2381,6.64,,경상남도 통영시 사량면,10,1,2159
931,욕지도,34.6223,128.2735,73.47,,경상남도 통영시 욕지면 동항리,113,1,2180
933,금남,34.9968,127.8324,32.22,10.0,경상남도 하동군 금남면 덕천리,6387,0,2178
937,해운대,35.1761,129.1624,63.72,,부산광역시 해운대구 우동,12061,0,2177
942,부산남구,35.1186,129.0884,124.26,10.0,부산광역시 남구 감만동,2809,0,2179
947,명사,34.7219,128.5908,30.51,10.0,경상남도 거제시 남부면 저구리,84,1,2166
949,정자,35.6375,129.4412,8.0,10.0,울산광역시 북구 산하동,68405,0,2175
950,사하,35.09,128.9839,127.0,,부산광역시 사하구 신평동,4331,0,2147
953,장목,34.9984,128.6798,30.87,10.0,경상남도 거제시 장목면 장목리,328,1,2170
954,온산,35.431,129.3601,53.92,,울산광역시 울주군 온산읍 이진리,45209,0,2184
964,마량,34.459,126.8157,49.92,10.0,전남광주통합특별시 강진군 마량면 마량리,2227,0,2179
966,풍도,37.1161,126.3856,38.0,4.0,경기도 안산시단원구 풍도동,26,1,2059
967,도리도,37.1189,126.6128,70.0,1.7,경기도 화성시 서신면 백미리,4434,0,2068
