zone,lat,lon
47,38.75,128.25
55,38.25,128.75
56,38.25,129.25
58,38.25,130.25
62,37.75,128.75
63,37.75,129.25
64,37.75,129.75
65,37.75,130.25
66,37.75,130.75
69,37.25,129.25
70,37.25,129.75
72,37.25,130.75
73,37.25,131.25
74,37.25,131.75
76,36.75,129.75
77,36.75,130.25
78,36.75,130.75
80,36.75,131.75
81,36.25,129.25
82,36.25,129.75
83,36.25,130.25
84,36.25,130.75
87,35.75,129.75
88,35.75,130.25
89,35.75,130.75
92,35.25,129.25
93,35.25,129.75
94,35.25,130.25
97,34.75,127.75
98,34.75,128.25
99,34.75,128.75
100,34.75,129.25
101,34.75,129.75
104,34.25,127.75
105,34.25,128.25
106,34.25,128.75
107,34.25,129.25
110,33.75,127.75
111,33.75,128.25
112,33.75,128.75
113,33.25,127.75
115,32.75,127.75
127,38.75,123.25
137,38.25,124.75
143,37.75,124.25
144,37.75,124.75
145,37.75,125.25
146,37.75,125.75
150,37.25,124.25
151,37.25,124.75
152,37.25,125.25
153,37.25,125.75
154,37.25,126.25
161,36.75,124.75
162,36.75,125.25
163,36.75,125.75
164,36.75,126.25
170,36.25,124.25
172,36.25,125.25
173,36.25,125.75
174,36.25,126.25
183,35.75,125.75
184,35.75,126.25
191,35.25,124.75
192,35.25,125.25
193,35.25,125.75
194,35.25,126.25
201,34.75,124.75
202,34.75,125.25
203,34.75,125.75
204,34.75,126.25
208,34.25,124.25
209,34.25,124.75
210,34.25,125.25
211,34.25,125.75
212,34.25,126.25
213,34.25,126.75
214,34.25,127.25
218,33.75,124.25
219,33.75,124.75
220,33.75,125.25
221,33.75,125.75
222,33.75,126.25
223,33.75,126.75
224,33.75,127.25
227,33.25,123.75
228,33.25,124.25
229,33.25,124.75
230,33.25,125.25
231,33.25,125.75
232,33.25,126.25
233,33.25,126.75
234,33.25,127.25
240,32.75,125.25
241,32.75,125.75
242,32.75,126.25
243,32.75,126.75
244,32.75,127.25
252,32.25,126.25
253,32.25,126.75
377,32.75,129.75
495,31.25,126.25
496,31.25,126.75
5087,35.75,129.25
5099,35.25,128.75
5146,37.75,126.25
5147,37.75,126.75
5154,37.25,126.75
5174,36.25,126.75
5184,35.75,126.75
5213,34.75,126.75
5214,34.75,127.25
7370,33.75,130.75
