outcome,bins,term,RR,lo,hi,units,events
n,bin,bin_1-2,2.8137851816388815,2.321715051330724,3.410145893602486,2526,3203
n,bin,bin_3-5,7.3736531818455555,5.684217142715516,9.56521538165,2526,3203
n,bin,bin_6+,10.867027003989863,7.771147628167713,15.196246623523322,2526,3203
n,bin_fine,bin_fine_1,2.243117879408511,1.8120568990306882,2.7767217594622142,2526,3203
n,bin_fine,bin_fine_2,4.190250157548498,3.2390639499833633,5.420762496191344,2526,3203
n,bin_fine,bin_fine_3,6.403543606783342,4.745732602705807,8.640472221421907,2526,3203
n,bin_fine,bin_fine_4-5,9.240144768480272,6.952356717685648,12.280767344011567,2526,3203
n,bin_fine,bin_fine_6-8,11.487988457603974,8.103275212063226,16.28648606252131,2526,3203
n,bin_fine,bin_fine_9+,13.570047590763895,8.9557151515916,20.561863402150607,2526,3203
n_late,bin,bin_1-2,2.3564447413340988,1.8539781047140058,2.9950902898163974,2526,1269
n_late,bin,bin_3-5,5.5101905746497835,4.106381834700975,7.393905728002099,2526,1269
n_late,bin,bin_6+,8.795383192260113,5.876251091809983,13.164646011554947,2526,1269
n_late,bin_fine,bin_fine_1,1.9972572209566077,1.5548938524567224,2.5654718490015638,2526,1269
n_late,bin_fine,bin_fine_2,3.2361339362401402,2.323661426090153,4.506922882868732,2526,1269
n_late,bin_fine,bin_fine_3,4.57356832434332,3.2730644435808607,6.390808240412146,2526,1269
n_late,bin_fine,bin_fine_4-5,7.0047114559828785,5.050853313704278,9.714394684250484,2526,1269
n_late,bin_fine,bin_fine_6-8,9.005368544752113,5.881694796698552,13.787975308125656,2526,1269
n_late,bin_fine,bin_fine_9+,11.956569088688926,7.258727421067659,19.694849534874,2526,1269
