analysis,term,RR,lo,hi,n_events
인명: 특보구역 폴리곤 안 사고만,any_warn,0.7188374052576046,0.6314499879911349,0.8183185129852916,2183
인명: 폴리곤 밖(3km 최근접) 사고만,any_warn,0.9413262427007493,0.7940796875406814,1.11587679309794,1148
인명: 2020~2022,any_warn,0.7589759860043542,0.6674396181428689,0.8630661586048918,2015
인명: 2023~2024,any_warn,0.859142884295229,0.7341564364172436,1.005407647499838,1316
인명: 사고지점 3km 안 위험구역 있음,any_warn,0.8090759149728548,0.726193912067284,0.9014174111232583,2774
인명: 사고지점 3km 안 위험구역 없음,any_warn,0.7232554500188498,0.547082782385977,0.956159584662113,557
인명: 낮 6시간 이상 발효일 vs 특보없는날(밤에만 걸친 날 제외),any_warn,0.7458159847674956,0.6582998690378516,0.8449667230645092,3110
인명: 특보가 낮에 걸친 날 / 밤에만 걸친 날 (기준 특보 없는 날),warn_daytime,0.7548890316567741,0.6746845542860509,0.8446279768753913,3331
인명: 특보가 낮에 걸친 날 / 밤에만 걸친 날 (기준 특보 없는 날),warn_nightonly,0.9192732013601128,0.7690181743527512,1.0988858871249996,3331
사망·실종 사고·특보없는날: 파고 1.0m 이상(1m 미만 대비),wh_ge1.0,1.235990099405106,0.982484357126574,1.5549067165764892,610
사망·실종 사고·특보없는날: 파고 1.5m 이상(1.5m 미만 대비),wh_ge1.5,1.060291042123565,0.732168992771116,1.5354612187994114,610
사망·실종 사고·특보없는날: 파고 1.0m 이상 + 외지인 방문자 보정,wh_ge1.0,1.2851218123972368,1.0086181428468486,1.6374264972446888,582
사망·실종 사고·특보없는날: 파고 1.0m 이상 + 외지인 방문자 보정,log2_outsider,1.2968763135705492,0.9779245399723928,1.7198547576562684,582
전체 사고·특보없는날: 파고 1.0m 이상,wh_ge1.0,1.0403174560647988,0.9343257646033006,1.1583330465607404,2780
