model,subset,term,RR,lo,hi,p,n_events,n_strata,cases_with,ref_share
M1_월(기준 1월)+달력,전체,m02,1.267299784090513,0.866589029345061,1.8532991860855412,0.22186188774153814,3331,3331,162.0,0.0778633424939204
M1_월(기준 1월)+달력,전체,m03,1.62866575026871,1.1034953051153866,2.4037729148480396,0.014054943232694406,3331,3331,223.0,0.08488206567943217
M1_월(기준 1월)+달력,전체,m04,1.6784157104751505,1.1645806360655062,2.418964569673084,0.005485258821160244,3331,3331,222.0,0.08213883232171454
M1_월(기준 1월)+달력,전체,m05,2.1547103467020863,1.4905607654536854,3.114785244445833,4.4455466909898433e-05,3331,3331,301.0,0.08481780976294509
M1_월(기준 1월)+달력,전체,m06,2.3481011736748663,1.6254284525517577,3.3920774015968065,5.405077869280461e-06,3331,3331,312.0,0.08206469087961407
M1_월(기준 1월)+달력,전체,m07,2.8338909811223263,1.9830732526576411,4.049743539288676,1.0726619148471173e-08,3331,3331,386.0,0.0847477872898502
M1_월(기준 1월)+달력,전체,m08,3.533755265316227,2.497904984224859,4.99915983754891,9.876544027065393e-13,3331,3331,488.0,0.08466376032213632
M1_월(기준 1월)+달력,전체,m09,3.012893593357817,2.093570785035519,4.335906800850095,2.8814937103049942e-09,3331,3331,407.0,0.08198643046850801
M1_월(기준 1월)+달력,전체,m10,2.1324542624395018,1.4809982828230492,3.070470259241834,4.673248341080516e-05,3331,3331,303.0,0.08481616217534287
M1_월(기준 1월)+달력,전체,m11,1.7163227973176869,1.1805358994633908,2.495276887328372,0.004665282651596936,3331,3331,225.0,0.0821363609403112
M1_월(기준 1월)+달력,전체,m12,1.1726592971544259,0.8081165890930855,1.7016478138952216,0.4017735618877025,3331,3331,161.0,0.08493314089510139
M1_월(기준 1월)+달력,전체,dow1,0.9481088386997081,0.8257122488882667,1.0886484622588508,0.4498923420073009,3331,3331,393.0,0.14293563863790637
M1_월(기준 1월)+달력,전체,dow2,0.8632358493416689,0.7473929772064337,0.9970338955738021,0.0454565703033869,3331,3331,360.0,0.14298918523497894
M1_월(기준 1월)+달력,전체,dow3,0.8921364884134908,0.7747578775818486,1.027298381841457,0.11278419690794994,3331,3331,369.0,0.1429817710907689
M1_월(기준 1월)+달력,전체,dow4,1.0845857597170334,0.9484857723146561,1.2402149874217967,0.23526435362651332,3331,3331,448.0,0.14291010103007176
M1_월(기준 1월)+달력,전체,dow5,1.6683143552118695,1.4679568367334699,1.89601813769906,4.440892098500626e-15,3331,3331,693.0,0.14259705938564754
M1_월(기준 1월)+달력,전체,dow6,1.558844386594492,1.3708198777841978,1.7726587285450075,1.2916556713093996e-11,3331,3331,646.0,0.14267449600295248
M1_월(기준 1월)+달력,전체,hol,1.3589337365916176,1.1547496672507007,1.5992218511251841,0.00022242687731632849,3331,3331,220.0,0.05025718842470854
M2_월+외지인방문자+달력,전체,m02,1.262405996899055,0.8583251217510293,1.8567193952747498,0.2364739735205066,3269,3269,159.0,0.07786586978145815
M2_월+외지인방문자+달력,전체,m03,1.5774134827969013,1.062376843312217,2.342138113582917,0.02381909547860328,3269,3269,219.0,0.08488170535673065
M2_월+외지인방문자+달력,전체,m04,1.4623317126531146,1.0063444644449056,2.1249324792684474,0.04624284041107307,3269,3269,213.0,0.08214269225765022
M2_월+외지인방문자+달력,전체,m05,1.825954298332195,1.2529841317777202,2.6609348155649992,0.0017254051461308428,3269,3269,295.0,0.08481790977121728
M2_월+외지인방문자+달력,전체,m06,2.0097588389199412,1.3854684936268766,2.915353621678687,0.00023512019977722787,3269,3269,307.0,0.08206378719135737
M2_월+외지인방문자+달력,전체,m07,2.3152735527774535,1.6071919379275654,3.3353151529013734,6.554531293723187e-06,3269,3269,381.0,0.08474572002971531
M2_월+외지인방문자+달력,전체,m08,2.7001005847958393,1.8978071187356442,3.8415617140649854,3.360035649713211e-08,3269,3269,483.0,0.08466009963863158
M2_월+외지인방문자+달력,전체,m09,2.499713092603061,1.7294485426581034,3.6130392961720204,1.0898106794776652e-06,3269,3269,397.0,0.08198823978745998
M2_월+외지인방문자+달력,전체,m10,1.7283596818988591,1.192982526349787,2.503999114851796,0.003816585695316954,3269,3269,297.0,0.08481623094001955
M2_월+외지인방문자+달력,전체,m11,1.5280645445925434,1.045176216642813,2.234055095456494,0.02866856042779986,3269,3269,222.0,0.08213513751726048
M2_월+외지인방문자+달력,전체,m12,1.15769312753558,0.7926050464539874,1.6909473180106953,0.44872604899122925,3269,3269,158.0,0.0849329097082611
M2_월+외지인방문자+달력,전체,log2_outsider,1.8695764590434356,1.6502156912959918,2.1180965340744975,0.0,3269,3269,,
M2_월+외지인방문자+달력,전체,dow1,0.9640058119923816,0.838236112381866,1.1086461103595793,0.6072836259006034,3269,3269,386.0,0.14293736700509105
M2_월+외지인방문자+달력,전체,dow2,0.8901119449765477,0.7701676980190028,1.028736048821388,0.11494434777280316,3269,3269,355.0,0.14298773194102266
M2_월+외지인방문자+달력,전체,dow3,0.8789542174616923,0.7628650552074834,1.0127092742288157,0.07422029880688652,3269,3269,359.0,0.14298437427862723
M2_월+외지인방문자+달력,전체,dow4,0.952924742686595,0.8310056835404414,1.092730872014694,0.48996726573676286,3269,3269,440.0,0.14291050570592753
M2_월+외지인방문자+달력,전체,dow5,1.097357511841116,0.9425989909522546,1.2775247166110333,0.2309819218576208,3269,3269,677.0,0.142595724856355
M2_월+외지인방문자+달력,전체,dow6,1.1002920875492352,0.9468319470973283,1.278624661572607,0.21235530644989042,3269,3269,640.0,0.14266875401345583
M2_월+외지인방문자+달력,전체,hol,0.9026736281212372,0.7529225110697406,1.0822092139971673,0.2685698676239787,3269,3269,215.0,0.05025665131935147
M1_월(기준 1월)+달력,익수,m02,1.2427075681047854,0.7869836029494485,1.9623307195183184,0.3512029397214782,1416,1416,76.0,0.07784909229028107
M1_월(기준 1월)+달력,익수,m03,1.3594455456160248,0.8486037908759071,2.177803365204977,0.2015291764997551,1416,1416,90.0,0.0848914003999814
M1_월(기준 1월)+달력,익수,m04,1.466691627183926,0.9245195917933504,2.326813134461155,0.10380456406027982,1416,1416,94.0,0.08213959040664776
M1_월(기준 1월)+달력,익수,m05,2.1253284090789895,1.3668440967137956,3.304708164814243,0.0008151997487113594,1416,1416,142.0,0.08479062989318327
M1_월(기준 1월)+달력,익수,m06,1.9015308115537983,1.2075948678683806,2.994232191190917,0.0055320399343044,1416,1416,122.0,0.08208532936452569
M1_월(기준 1월)+달력,익수,m07,2.523252752998058,1.616145509562462,3.9394995177358494,4.662016364398447e-05,1416,1416,167.0,0.0847421825341457
M1_월(기준 1월)+달력,익수,m08,3.309081369074318,2.17340830635216,5.038178732984248,2.41219249019764e-08,1416,1416,220.0,0.08463947413298606
M1_월(기준 1월)+달력,익수,m09,2.5425567806141363,1.6495235188050488,3.919068087813635,2.3668301586621254e-05,1416,1416,164.0,0.08200393780134257
M1_월(기준 1월)+달력,익수,m10,1.8289896740692506,1.1713742083658563,2.8557938222992987,0.007912617712098502,1416,1416,123.0,0.08482744988605181
M1_월(기준 1월)+달력,익수,m11,1.2525371720037595,0.772694784616873,2.0303610150922156,0.3608964985446286,1416,1416,80.0,0.08216672092770878
M1_월(기준 1월)+달력,익수,m12,1.071220237125386,0.6661730290366457,1.7225446639387203,0.7765012584287887,1416,1416,71.0,0.08492822039284995
M1_월(기준 1월)+달력,익수,dow1,0.9668363761738512,0.7908527396330856,1.1819805779855683,0.7421514908962625,1416,1416,186.0,0.1429778459916593
M1_월(기준 1월)+달력,익수,dow2,0.8565118113154189,0.6990679631546178,1.0494151092439084,0.1350246615763,1416,1416,165.0,0.1428867649566687
M1_월(기준 1월)+달력,익수,dow3,0.8530449274208373,0.6890814753298927,1.05602265370731,0.14443503057995932,1416,1416,164.0,0.1428887028510302
M1_월(기준 1월)+달력,익수,dow4,0.9432689811345989,0.7696676201271074,1.1560267672735989,0.5735643219649096,1416,1416,181.0,0.14292746073826024
M1_월(기준 1월)+달력,익수,dow5,1.3863126677729265,1.1465475732243247,1.676217243583727,0.0007474910099192211,1416,1416,267.0,0.14262127342914283
M1_월(기준 1월)+달력,익수,dow6,1.3469639927970176,1.11285549537785,1.6303212819878896,0.0022302681237542643,1416,1416,259.0,0.1427356091964715
M1_월(기준 1월)+달력,익수,hol,1.1206201607095805,0.894582528629842,1.4037715966934374,0.32178017415298976,1416,1416,80.0,0.05033293025130614
M2_월+외지인방문자+달력,익수,m02,1.251009781814317,0.7858090869965428,1.9916103034349237,0.34517934306496234,1386,1386,75.0,0.07784735819881962
M2_월+외지인방문자+달력,익수,m03,1.307139488246572,0.8052670228398259,2.1217976065975908,0.2784978429137024,1386,1386,87.0,0.08489361323009122
M2_월+외지인방문자+달력,익수,m04,1.3367160087989032,0.8328251904564905,2.145479878196141,0.22928169649192842,1386,1386,92.0,0.08213965404253887
M2_월+외지인방문자+달력,익수,m05,1.8475554436579273,1.1718389116871881,2.9129098576146557,0.00822587593798385,1386,1386,139.0,0.08479066148476215
M2_월+외지인방문자+달력,익수,m06,1.6755765199900614,1.052504978836935,2.6674996610889963,0.029577377701683005,1386,1386,120.0,0.08208421848736168
M2_월+외지인방문자+달력,익수,m07,2.1226052959344353,1.3392425699184747,3.3641801295214036,0.0013592916469333804,1386,1386,165.0,0.08473918561209762
M2_월+외지인방문자+달력,익수,m08,2.5816027491941793,1.6638772119413592,4.005507561985789,2.3177105216820593e-05,1386,1386,217.0,0.08463623386676856
M2_월+외지인방문자+달력,익수,m09,2.196283905695609,1.406862282941846,3.4286675056288716,0.0005358590315376333,1386,1386,160.0,0.08200502483710856
M2_월+외지인방문자+달력,익수,m10,1.5108510376687492,0.9530483067626105,2.3951260831454517,0.07918487380072925,1386,1386,119.0,0.08483025830988872
M2_월+외지인방문자+달력,익수,m11,1.1278547350002144,0.6871438418457909,1.8512227364876528,0.6341459328537515,1386,1386,78.0,0.08216737182012747
M2_월+외지인방문자+달력,익수,m12,1.0538000633746971,0.6474822484024418,1.7150965548607429,0.8329861094433946,1386,1386,69.0,0.08492925037270511
M2_월+외지인방문자+달력,익수,log2_outsider,1.8805142116781286,1.5783981792115105,2.2404572856831284,1.5734080704987718e-12,1386,1386,,
M2_월+외지인방문자+달력,익수,dow1,0.9846406014726565,0.8040855918244018,1.2057386973800677,0.8809501568983529,1386,1386,183.0,0.14297819600824405
M2_월+외지인방문자+달력,익수,dow2,0.8728144825867545,0.7103440404524579,1.072445290774802,0.19550890318531922,1386,1386,161.0,0.14288514346919665
M2_월+외지인방문자+달력,익수,dow3,0.8440457917363022,0.6804904990225357,1.0469114551504832,0.12287145485663808,1386,1386,160.0,0.14288712331045297
M2_월+외지인방문자+달력,익수,dow4,0.8294179550983353,0.6722289361759812,1.023362886091847,0.0810574731359126,1386,1386,177.0,0.1429247402943232
M2_월+외지인방문자+달력,익수,dow5,0.9292525322086499,0.7370893285670276,1.1715137299503913,0.5347514824136366,1386,1386,261.0,0.142621824582105
M2_월+외지인방문자+달력,익수,dow6,0.9625227588595674,0.769915343126704,1.2033141949869781,0.7373906689055092,1386,1386,255.0,0.14273665537497204
M2_월+외지인방문자+달력,익수,hol,0.7454292132167136,0.5651118157829421,0.9832827705912238,0.037588390311530606,1386,1386,78.0,0.05033548410088479
M1_월(기준 1월)+달력,추락,m02,0.9673646451879095,0.5141525625249469,1.820071365907322,0.9180500832712077,402,402,21.0,0.077832007918359
M1_월(기준 1월)+달력,추락,m03,1.53965995552775,0.8537591581623765,2.776605973701142,0.15143816349128514,402,402,36.0,0.08482200757705041
M1_월(기준 1월)+달력,추락,m04,1.8588197875922978,1.038247489984155,3.327926179525275,0.036950069064200175,402,402,42.0,0.08203692958804054
M1_월(기준 1월)+달력,추락,m05,1.512260395114518,0.8343918067277578,2.7408364801670317,0.17280391058856615,402,402,36.0,0.08482200757705041
M1_월(기준 1월)+달력,추락,m06,1.6794176283733573,0.8976168552256001,3.14214640029495,0.10478977812394907,402,402,38.0,0.08206423427420731
M1_월(기준 1월)+달력,추락,m07,1.3308448343326291,0.7379754389598273,2.4000093764180925,0.3420953673980669,402,402,31.0,0.08485613843475887
M1_월(기준 1월)+달력,추락,m08,1.3192227952106854,0.7318221101123201,2.378103584676316,0.35678926125115407,402,402,31.0,0.08485613843475887
M1_월(기준 1월)+달력,추락,m09,2.0877127240200464,1.1881800446865445,3.6682524988753165,0.010480003894864476,402,402,48.0,0.0819959725587904
M1_월(기준 1월)+달력,추락,m10,1.5719720095617045,0.8580509492335991,2.879894254592477,0.14309030075021223,402,402,38.0,0.08480835523396703
M1_월(기준 1월)+달력,추락,m11,1.4744083030793558,0.8150029534162582,2.667327566209504,0.1992588556982673,402,402,33.0,0.08209836513191576
M1_월(기준 1월)+달력,추락,m12,1.023926680721786,0.5564444062002218,1.884152011974195,0.9394233428631882,402,402,24.0,0.0849039216355507
M1_월(기준 1월)+달력,추락,dow1,1.0574624290062595,0.7035733529420668,1.5893535252349085,0.7881112576348506,402,402,47.0,0.14278303013754737
M1_월(기준 1월)+달력,추락,dow2,1.1122025023977087,0.743093724448024,1.6646546265191173,0.6052643400837694,402,402,50.0,0.14308338168538176
M1_월(기준 1월)+달력,추락,dow3,1.056503788676137,0.7024428647973221,1.5890263983378807,0.791820689406642,402,402,47.0,0.14310386020000682
M1_월(기준 1월)+달력,추락,dow4,1.4595714569198395,1.0010961267096397,2.128016262391348,0.049333868949698934,402,402,65.0,0.1428922488822144
M1_월(기준 1월)+달력,추락,dow5,1.5273380073769494,1.0384348180816412,2.2464206208798267,0.03142906072592666,402,402,68.0,0.14281716099525582
M1_월(기준 1월)+달력,추락,dow6,1.7984439304171227,1.2428418836896946,2.602423215133402,0.0018511584641767165,402,402,80.0,0.1425236356189631
M1_월(기준 1월)+달력,추락,hol,1.3126223503302827,0.8748849288998275,1.9693760604074517,0.1887663086715512,402,402,26.0,0.05021331786067784
M2_월+외지인방문자+달력,추락,m02,0.9679662849800559,0.5055657313263173,1.853287655395557,0.9217356604547473,389,389,20.0,0.07784338207803385
M2_월+외지인방문자+달력,추락,m03,1.6127820916333788,0.8835926618733266,2.9437388825510977,0.11949999351012819,389,389,36.0,0.08481295720201186
M2_월+외지인방문자+달력,추락,m04,1.670378996567331,0.908236910860207,3.07206848654793,0.09886470143355042,389,389,38.0,0.0820547549009234
M2_월+외지인방문자+달력,추락,m05,1.3932783690089166,0.7582606829837484,2.560101897818896,0.2853020423657928,389,389,35.0,0.08482001142784586
M2_월+외지인방문자+달력,추락,m06,1.556062059564876,0.8184174504725167,2.9585502261948586,0.17741575779678875,389,389,37.0,0.08206180912675738
M2_월+외지인방문자+달력,추락,m07,1.203443144265639,0.6515059003132173,2.2229659022024144,0.5541977498518216,389,389,31.0,0.08484822833118179
M2_월+외지인방문자+달력,추락,m08,1.1012689395482096,0.5950205965645242,2.0382374731495907,0.7587548398996511,389,389,30.0,0.08485528255701578
M2_월+외지인방문자+달력,추락,m09,1.922604220452436,1.0829365759244445,3.413318074833788,0.025610749063207594,389,389,47.0,0.08199126686841753
M2_월+외지인방문자+달력,추락,m10,1.3968865825674615,0.7530614721898294,2.59114587137599,0.2890000261882135,389,389,37.0,0.08480590297617788
M2_월+외지인방문자+달력,추락,m11,1.383665257532541,0.753269655590665,2.5416257387951515,0.29522450228634733,389,389,32.0,0.08209708025592731
M2_월+외지인방문자+달력,추락,m12,1.0240219039335021,0.5473694137923706,1.9157461730833207,0.9407880895074232,389,389,23.0,0.08490466213785368
M2_월+외지인방문자+달력,추락,log2_outsider,1.5968911107871846,1.1471179489647738,2.2230157082037225,0.005550605011213516,389,389,,
M2_월+외지인방문자+달력,추락,dow1,1.039238426411066,0.6838062138732144,1.5794189713660547,0.8569755147016043,389,389,44.0,0.14280574778320954
M2_월+외지인방문자+달력,추락,dow2,1.1514254708303975,0.7643169201296773,1.734595401410275,0.5000412681943205,389,389,49.0,0.143073808364901
M2_월+외지인방문자+달력,추락,dow3,1.0444632051324318,0.687623693305912,1.5864831265931787,0.8383710073444106,389,389,45.0,0.14310202526823693
M2_월+외지인방문자+달력,추락,dow4,1.3226875002974479,0.8892214019954416,1.96745402159369,0.1674458597174744,389,389,62.0,0.14290450694488532
M2_월+외지인방문자+달력,추락,dow5,1.1834742352804728,0.7526730959207941,1.8608493822397634,0.46567634283337744,389,389,67.0,0.14279163933154157
M2_월+외지인방문자+달력,추락,dow6,1.4633742409059558,0.9437804527436783,2.2690278896130978,0.08886160632480689,389,389,79.0,0.14250947029818212
M2_월+외지인방문자+달력,추락,hol,1.029319748185939,0.6607774699848268,1.6034129372327022,0.8983165951162764,389,389,26.0,0.05020492526047729
M1_월(기준 1월)+달력,고립,m02,1.5683839809929154,0.7809630188747095,3.1497372505289114,0.20585125183305752,755,755,46.0,0.07785292952494485
M1_월(기준 1월)+달력,고립,m03,1.7200445033748475,0.7603687593002583,3.8909450939471566,0.19284050419687038,755,755,53.0,0.08487099623110556
M1_월(기준 1월)+달력,고립,m04,1.4915510405433652,0.764388920867792,2.910461475580154,0.24109847609006607,755,755,44.0,0.08215971825969391
M1_월(기준 1월)+달력,고립,m05,1.903286169873882,0.9718350769746872,3.727482502185446,0.06056031845746501,755,755,61.0,0.0848419208641199
M1_월(기준 1월)+달력,고립,m06,2.498233959725723,1.298961080378744,4.8047420448556455,0.00607193351567048,755,755,75.0,0.08204705121262452
M1_월(기준 1월)+달력,고립,m07,1.792658694171825,0.9058661791936308,3.5475716696372146,0.093716612562879,755,755,54.0,0.08486736181023234
M1_월(기준 1월)+달력,고립,m08,2.4486996820352944,1.3463115486570636,4.453746340348079,0.0033425130298594397,755,755,77.0,0.08478377013014861
M1_월(기준 1월)+달력,고립,m09,3.244550323903117,1.7253442520221371,6.101452966271424,0.0002594794767474262,755,755,101.0,0.08195255626992116
M1_월(기준 1월)+달력,고립,m10,2.7810482599614317,1.4776843469581535,5.234019999031318,0.0015228315288942085,755,755,93.0,0.08472561939617732
M1_월(기준 1월)+달력,고립,m11,2.693153307778612,1.4429742042916647,5.026475676160344,0.0018593624814839949,755,755,78.0,0.08203614795000491
M1_월(기준 1월)+달력,고립,m12,1.2938489778708002,0.6746944224992649,2.4811901828625804,0.43804702183092825,755,755,40.0,0.08491824370245724
M1_월(기준 1월)+달력,고립,dow1,0.9266434425777091,0.6765048224901601,1.2692711731330752,0.6350668189708528,755,755,81.0,0.14287998778834587
M1_월(기준 1월)+달력,고립,dow2,0.9125720103634232,0.6728257412963956,1.237746451992355,0.5562988279314323,755,755,81.0,0.14309441861986502
M1_월(기준 1월)+달력,고립,dow3,0.887241758291187,0.6564668466571414,1.199143477944399,0.4363318837145762,755,755,77.0,0.14310895630335785
M1_월(기준 1월)+달력,고립,dow4,1.135590091939268,0.8565704161442798,1.5054977764880246,0.37678001620909396,755,755,99.0,0.1429744827310492
M1_월(기준 1월)+달력,고립,dow5,1.9658311019530603,1.50883736959593,2.561238208489562,5.521655666029801e-07,755,755,173.0,0.14250200801753243
M1_월(기준 1월)+달력,고립,dow6,1.7473176904749967,1.3340978531277707,2.288527115375299,5.037831071819099e-05,755,755,153.0,0.1425965029602358
M1_월(기준 1월)+달력,고립,hol,1.9293730481400095,1.4624743168120362,2.545330414419511,3.3339931484466234e-06,755,755,72.0,0.05006051310753888
M2_월+외지인방문자+달력,고립,m02,1.5140474273789803,0.7500073106489689,3.0564230238894408,0.24713474007904024,752,752,45.0,0.0778535538746155
M2_월+외지인방문자+달력,고립,m03,1.589914081419529,0.7069175451635332,3.5758438923896487,0.26217314887060406,752,752,53.0,0.08487044476798283
M2_월+외지인방문자+달력,고립,m04,1.2045227568376466,0.6162073677641731,2.3545240573868385,0.5863339616562335,752,752,44.0,0.08215929035624496
M2_월+외지인방문자+달력,고립,m05,1.4374208789831828,0.7274428285281587,2.840331504150372,0.29638386394030425,752,752,60.0,0.08484490226343079
M2_월+외지인방문자+달력,고립,m06,1.9433971945358242,1.0115663493093974,3.733608436370142,0.04609516689959725,752,752,75.0,0.08204617355037164
M2_월+외지인방문자+달력,고립,m07,1.3550752325294564,0.6811201245533745,2.695895804016679,0.38660085796339305,752,752,54.0,0.08486679583876111
M2_월+외지인방문자+달력,고립,m08,1.7186846066039339,0.9414953322951146,3.1374311434731754,0.07778757961612426,752,752,77.0,0.08478287046666155
M2_월+외지인방문자+달력,고립,m09,2.2936459833180107,1.204353013108379,4.3681643500961025,0.011545616751700294,752,752,100.0,0.08195495031982865
M2_월+외지인방문자+달력,고립,m10,2.0069403510536756,1.074754484462774,3.747655516599951,0.028796926428007907,752,752,93.0,0.08472448759911404
M2_월+외지인방문자+달력,고립,m11,2.2097662306148935,1.1836809673667323,4.125323400974365,0.01279410857827945,752,752,78.0,0.08203522676270648
M2_월+외지인방문자+달력,고립,m12,1.2504495033417988,0.6506706446365932,2.403095903121698,0.50248181847327,752,752,40.0,0.0849178808478652
M2_월+외지인방문자+달력,고립,log2_outsider,2.016258013932306,1.6116642225610567,2.5224214335950093,8.433995724033139e-10,752,752,,
M2_월+외지인방문자+달력,고립,dow1,0.9418737113516011,0.6877966984066713,1.2898085876107406,0.7088884358653742,752,752,81.0,0.14287382367644214
M2_월+외지인방문자+달력,고립,dow2,0.9381582025874303,0.6927964205621738,1.270417668104986,0.6798348256936859,752,752,81.0,0.14309640835896706
M2_월+외지인방문자+달력,고립,dow3,0.8719941617996001,0.6450144378837627,1.178847749063275,0.37324816980398623,752,752,77.0,0.14311100407585395
M2_월+외지인방문자+달력,고립,dow4,0.9564977824623225,0.7174822481343192,1.2751367859404728,0.7617497239708093,752,752,99.0,0.1429759936946503
M2_월+외지인방문자+달력,고립,dow5,1.1222033130227402,0.808153216318629,1.5582939600189587,0.49124664541187224,752,752,171.0,0.14250893075427015
M2_월+외지인방문자+달력,고립,dow6,1.0716501176833069,0.7887108616248811,1.4560899698587546,0.6581731434109266,752,752,152.0,0.14259650505559143
M2_월+외지인방문자+달력,고립,hol,1.1754324574172208,0.8499528601050848,1.6255506943985885,0.32848802040558045,752,752,72.0,0.0500560110635534
M1_월(기준 1월)+달력,표류,m02,1.8595666465907925,0.4431320014898598,7.803517014087854,0.3965757255989839,502,502,5.0,0.07797553322911087
M1_월(기준 1월)+달력,표류,m03,6.773996314181947,1.9772215531335744,23.207832218815916,0.00232648889737308,502,502,19.0,0.08496135387171891
M1_월(기준 1월)+달력,표류,m04,8.855213878926289,2.6165682500818157,29.968571558978773,0.00045425365062889966,502,502,24.0,0.08218998371068426
M1_월(기준 1월)+달력,표류,m05,16.057380429013232,4.816115693642721,53.53680904767416,6.225269101545194e-06,502,502,47.0,0.08480829989832843
M1_월(기준 1월)+달력,표류,m06,21.499761431851148,6.4042426986614105,72.17711185791406,6.860055870028248e-07,502,502,59.0,0.08199866624394617
M1_월(기준 1월)+달력,표류,m07,37.58538219292656,11.475742534656321,123.09974281160251,2.0794495014797576e-09,502,502,105.0,0.08449125952487674
M1_월(기준 1월)+달력,표류,m08,42.403170805829674,12.868899107893673,139.71893627524597,7.300975379820329e-10,502,502,122.0,0.08439833389817537
M1_월(기준 1월)+달력,표류,m09,22.048624757519786,6.721144980118312,72.33021384540301,3.3364406037961203e-07,502,502,62.0,0.08198226760394005
M1_월(기준 1월)+달력,표류,m10,8.209314485946253,2.3627708363898408,28.522801827086564,0.0009224697216203559,502,502,25.0,0.08492855659170666
M1_월(기준 1월)+달력,표류,m11,7.121255881421821,1.9570322189076377,25.912851530360143,0.002893334795871061,502,502,19.0,0.08221731477736113
M1_월(기준 1월)+달력,표류,m12,4.2341899664389455,1.0971505040045393,16.340843490892716,0.036209855669451896,502,502,12.0,0.08499961736506652
M1_월(기준 1월)+달력,표류,dow1,0.9756751102711265,0.6629693722986586,1.435876166499194,0.900592963113179,502,502,45.0,0.14290868144001925
M1_월(기준 1월)+달력,표류,dow2,0.8351370208795618,0.5368334936805972,1.2991995690540081,0.42425340143377666,502,502,39.0,0.14318199210678795
M1_월(기준 1월)+달력,표류,dow3,0.9570789910365105,0.6252409212837208,1.4650355789297482,0.8399485758684768,502,502,44.0,0.14315466104011107
M1_월(기준 1월)+달력,표류,dow4,1.248004645560701,0.8259717579195558,1.8856765747828184,0.2927696051101718,502,502,57.0,0.14299614085338522
M1_월(기준 1월)+달력,표류,dow5,3.271882371540668,2.3647786966316704,4.526941260273876,8.326672684688674e-13,502,502,152.0,0.14242765466650634
M1_월(기준 1월)+달력,표류,dow6,2.5295516746869127,1.787546051874709,3.579561862588507,1.6147307624336804e-07,502,502,117.0,0.14243858709317708
M1_월(기준 1월)+달력,표류,hol,1.7065744516431833,1.163914163375883,2.5022432500984024,0.0061929373597968684,502,502,35.0,0.050234500552087544
M2_월+외지인방문자+달력,표류,m02,1.9006813004848229,0.4511842930336929,8.006904189244242,0.3814203168235908,496,496,5.0,0.07797804775498463
M2_월+외지인방문자+달력,표류,m03,7.076619897761747,2.0488555870946312,24.442205440360535,0.0019733709698890323,496,496,19.0,0.08495983535816239
M2_월+외지인방문자+달력,표류,m04,8.108791364113404,2.3887786315457062,27.525571653399165,0.0007894099355669759,496,496,24.0,0.08218814313217819
M2_월+외지인방문자+달력,표류,m05,13.641260775990895,4.082638225946812,45.579349739085124,2.1803300150224914e-05,496,496,47.0,0.08480493040341676
M2_월+외지인방문자+달력,표류,m06,17.69229327295471,5.243170483009466,59.69999302341461,3.6520964408204293e-06,496,496,58.0,0.0820000442585585
M2_월+외지인방문자+달력,표류,m07,28.152650563496998,8.574665111165196,92.43180036481527,3.7400984531643644e-08,496,496,103.0,0.08449512049392552
M2_월+외지인방문자+달력,표류,m08,29.76380195352021,9.148168503992304,96.83729659568138,1.724736931052462e-08,496,496,121.0,0.08439553873730332
M2_월+외지인방문자+달력,표류,m09,18.10766638289016,5.5117738767347175,59.48857648498045,1.818220655369629e-06,496,496,60.0,0.08198897961893381
M2_월+외지인방문자+달력,표류,m10,6.530048234339588,1.876167383335193,22.727998749770023,0.0031894572826396406,496,496,25.0,0.08492664143928833
M2_월+외지인방문자+달력,표류,m11,6.311418115020234,1.7326530555116126,22.990175959285448,0.0052159678542595955,496,496,19.0,0.0822158047312399
M2_월+외지인방문자+달력,표류,m12,4.343532948137597,1.1194749263230426,16.8527923475016,0.03374117667883825,496,496,12.0,0.08499856159684879
M2_월+외지인방문자+달력,표류,log2_outsider,2.1476204640772525,1.6263066872027818,2.8360417466255523,7.121860878811503e-08,496,496,,
M2_월+외지인방문자+달력,표류,dow1,1.0212466745954,0.6918532136241331,1.5074653840355927,0.9157244357355443,496,496,45.0,0.14291088539246277
M2_월+외지인방문자+달력,표류,dow2,0.8924066217707558,0.5710607852004933,1.3945793499035115,0.6172322692735035,496,496,39.0,0.14317643674345526
M2_월+외지인방문자+달력,표류,dow3,0.9821417741040452,0.6392466127997362,1.508967658374489,0.9344542990273774,496,496,44.0,0.14314877514439356
M2_월+외지인방문자+달력,표류,dow4,1.0952779684205347,0.7203542589443901,1.6653387041333831,0.6703280643831995,496,496,57.0,0.14299387018964793
M2_월+외지인방문자+달력,표류,dow5,2.00944800674213,1.3903693129019707,2.9041789503913007,0.00020406525693328348,496,496,147.0,0.14244063820841354
M2_월+외지인방문자+달력,표류,dow6,1.6992418680690817,1.1560224686644678,2.497722150275064,0.006981423857621127,496,496,117.0,0.14242957356878885
M2_월+외지인방문자+달력,표류,hol,1.1020805973462335,0.7294428921692232,1.6650811956438403,0.644331072321275,496,496,34.0,0.05023899621589325
M1_월(기준 1월)+달력,변사,m02,1.0740804436750406,0.4622607436360287,2.4956668187111366,0.8680467351551673,256,256,14.0,0.07780207529371409
M1_월(기준 1월)+달력,변사,m03,1.7316350096629545,0.7505865948276151,3.9949551821919895,0.1979772234180457,256,256,25.0,0.0848019037818369
M1_월(기준 1월)+달력,변사,m04,1.272322987902952,0.5723633808845016,2.8282832892710137,0.5545631766497747,256,256,18.0,0.08213275019295087
M1_월(기준 1월)+달력,변사,m05,1.0643255991224172,0.4551495750628588,2.4888279436289653,0.8856256813618313,256,256,15.0,0.08490909870508533
M1_월(기준 1월)+달력,변사,m06,1.2885872346647924,0.5537285796973906,2.9986840524801646,0.5562857156555281,256,256,18.0,0.08213275019295087
M1_월(기준 1월)+달력,변사,m07,1.9714194526178894,0.9201106893274159,4.223942513917729,0.08083852857053775,256,256,29.0,0.08475902581253753
M1_월(기준 1월)+달력,변사,m08,2.6441430473782503,1.2480221477848508,5.602057998255988,0.011135959410090823,256,256,38.0,0.08466255038161392
M1_월(기준 1월)+달력,변사,m09,2.3549894575685375,1.0759691074189803,5.154400165412336,0.03209587265797209,256,256,32.0,0.08198267730040305
M1_월(기준 1월)+달력,변사,m10,1.7241706387814946,0.790252166144348,3.761792145588602,0.17112832529336508,256,256,24.0,0.08481262327416174
M1_월(기준 1월)+달력,변사,m11,1.0574164409049245,0.4599262115484255,2.4311063414534484,0.8954292061819509,256,256,15.0,0.08216490866992539
M1_월(기준 1월)+달력,변사,m12,0.9652414072877021,0.3880260379179117,2.40110426439951,0.9393494578747221,256,256,14.0,0.08491981819741017
M1_월(기준 1월)+달력,변사,dow1,0.7599664536885313,0.4947255154888076,1.167413025304107,0.21011592093662323,256,256,34.0,0.1431588199982849
M1_월(기준 1월)+달력,변사,dow2,0.5604182969236201,0.3498828767643579,0.8976394341764042,0.01598355715659716,256,256,25.0,0.1427193208129663
M1_월(기준 1월)+달력,변사,dow3,0.8207934781496189,0.5212578131505371,1.2924543609255918,0.3939240138434861,256,256,37.0,0.14259068690506818
M1_월(기준 1월)+달력,변사,dow4,1.0233322749145795,0.6727099826002245,1.5567019547325192,0.9141860243104283,256,256,46.0,0.14248349198181975
M1_월(기준 1월)+달력,변사,dow5,0.7339075314286728,0.4565276232194602,1.1798196588617045,0.20150225568434021,256,256,33.0,0.14273004030529113
M1_월(기준 1월)+달력,변사,dow6,0.821875278128463,0.5244331101117021,1.288017403506167,0.3921075965323664,256,256,37.0,0.14326601492153332
M1_월(기준 1월)+달력,변사,hol,0.5157286994275719,0.2176148023002552,1.2222334537991255,0.13254287858253888,256,256,7.0,0.050531686819312235
M2_월+외지인방문자+달력,변사,m02,1.07963918100189,0.4644450907096207,2.5097062806143393,0.858686853320205,246,246,14.0,0.07781719206657296
M2_월+외지인방문자+달력,변사,m03,1.696815359248683,0.7245305051236169,3.973859406914828,0.22328783864931845,246,246,24.0,0.08480021417575798
M2_월+외지인방문자+달력,변사,m04,1.0903387343397566,0.48077870481655627,2.4727354678806543,0.8359925823348338,246,246,15.0,0.08215648216317516
M2_월+외지인방문자+달력,변사,m05,1.0437077252096343,0.4329277419326156,2.5161839035758096,0.9240880561862961,246,246,14.0,0.08491176404970663
M2_월+외지인방문자+달력,변사,m06,1.2633921041718186,0.5304686379920703,3.0089613118797707,0.5974570322682213,246,246,17.0,0.08213417218838542
M2_월+외지인방문자+달력,변사,m07,1.9759558373989312,0.9088399275537966,4.296027664475381,0.08565640712952804,246,246,28.0,0.08475559422617852
M2_월+외지인방문자+달력,변사,m08,2.8308074717610214,1.2987511091095352,6.170135975993364,0.008855878671937933,246,246,38.0,0.08464404435222989
M2_월+외지인방문자+달력,변사,m09,2.3018333914365394,1.036028457016737,5.114180914672158,0.040667881344500945,246,246,30.0,0.08198915735225219
M2_월+외지인방문자+달력,변사,m10,1.7556593750435452,0.7779398482491415,3.9621827421689657,0.17531103707085594,246,246,23.0,0.08481136916315285
M2_월+외지인방문자+달력,변사,m11,1.0779400940285577,0.46518446276160136,2.4978367493537226,0.861045580027717,246,246,15.0,0.08215648216317516
M2_월+외지인방문자+달력,변사,m12,0.9625121079468278,0.38712139583261435,2.3931241412056194,0.934469795398619,246,246,14.0,0.08491176404970663
M2_월+외지인방문자+달력,변사,log2_outsider,0.8411053599106633,0.5709897763846408,1.2390033162237832,0.38125408142836914,246,246,,
M2_월+외지인방문자+달력,변사,dow1,0.7675926690610145,0.4958995154327295,1.1881409181899858,0.23538229033297364,246,246,33.0,0.1431631082256877
M2_월+외지인방문자+달력,변사,dow2,0.5821916953723515,0.36177174543976376,0.9369089057756966,0.025849564030888228,246,246,25.0,0.14271690872989312
M2_월+외지인방문자+달력,변사,dow3,0.7640225079064686,0.479172475860093,1.2182051807961638,0.2581482104399129,246,246,33.0,0.14262766883073422
M2_월+외지인방문자+달력,변사,dow4,1.0797759675100045,0.7028928314651136,1.658739551493112,0.7260232319523059,246,246,45.0,0.14247149900720613
M2_월+외지인방문자+달력,변사,dow5,0.8020274695859011,0.4849884622899525,1.3263162157160653,0.3900026908067735,246,246,31.0,0.14271690872989312
M2_월+외지인방문자+달력,변사,dow6,0.9388557177460063,0.5680300710187662,1.5517665414499648,0.8056032320927502,246,246,37.0,0.14324119313745176
M2_월+외지인방문자+달력,변사,hol,0.42314217125919107,0.1732300270662738,1.0335927329125363,0.05909478285126957,246,246,5.0,0.05054324788612989
M1_월(기준 1월)+달력,사망·실종,m02,0.8856045019287985,0.5415637305899759,1.4482050579387014,0.6282786058767336,745,745,39.0,0.07787079973922748
M1_월(기준 1월)+달력,사망·실종,m03,1.2491399037320623,0.7576431562475998,2.059479434650657,0.3831931035307703,745,745,60.0,0.08484314974898803
M1_월(기준 1월)+달력,사망·실종,m04,0.9655924987375554,0.5891207149710516,1.5826448636491264,0.8895383961823828,745,745,45.0,0.08215439353814535
M1_월(기준 1월)+달력,사망·실종,m05,1.478114962959846,0.9242284657633979,2.3639434670746238,0.10286951702204394,745,745,71.0,0.0848026342444411
M1_월(기준 1월)+달력,사망·실종,m06,1.2476322838064844,0.7727774305644013,2.014275073301927,0.36531101690611845,745,745,58.0,0.08210651157822624
M1_월(기준 1월)+달력,사망·실종,m07,1.7015608544595355,1.0543614982526315,2.7460309829478717,0.029496968101944798,745,745,82.0,0.08476211873989414
M1_월(기준 1월)+달력,사망·실종,m08,2.2689694286869893,1.4601844627315164,3.5257341792868835,0.00026905388733045044,745,745,109.0,0.08466267159236983
M1_월(기준 1월)+달력,사망·실종,m09,1.9405336947911118,1.2182944039165255,3.0909368117541303,0.005248766817994577,745,745,90.0,0.08198864829227148
M1_월(기준 1월)+달력,사망·실종,m10,1.3946447028142428,0.8705350328439871,2.23429703998645,0.16654523960965295,745,745,67.0,0.08481736715518544
M1_월(기준 1월)+달력,사망·실종,m11,0.837886806013439,0.5090042881363377,1.379269911972443,0.486724470981037,745,745,39.0,0.08217649290426186
M1_월(기준 1월)+달력,사망·실종,m12,0.7686127473446255,0.4397317327076526,1.3434680998412558,0.35564764177593444,745,745,37.0,0.08492786398576802
M1_월(기준 1월)+달력,사망·실종,dow1,1.0002139606694032,0.7622015166536551,1.3125504807576625,0.9987688790186153,745,745,102.0,0.1429828987738535
M1_월(기준 1월)+달력,사망·실종,dow2,0.8343666952545251,0.6262373705068146,1.1116675799570188,0.2161230830515266,745,745,85.0,0.14288713485401527
M1_월(기준 1월)+달력,사망·실종,dow3,0.9814963489504157,0.742031454034025,1.2982402265643358,0.8958659915446583,745,745,100.0,0.142831886438724
M1_월(기준 1월)+달력,사망·실종,dow4,1.0810751102618081,0.8258255102694626,1.415218323355296,0.5704999371666426,745,745,110.0,0.14281347030029357
M1_월(기준 1월)+달력,사망·실종,dow5,1.1194506905242887,0.8544928446352005,1.466565643449372,0.4128648581073999,745,745,114.0,0.14266614119285012
M1_월(기준 1월)+달력,사망·실종,dow6,1.295239390342811,0.9920423083319508,1.6911023493710249,0.05726520914775568,745,745,132.0,0.14283556966641006
M1_월(기준 1월)+달력,사망·실종,hol,0.9512744804255302,0.676765851526443,1.3371288386785645,0.7736846588879933,745,745,37.0,0.05032393987499125
M2_월+외지인방문자+달력,사망·실종,m02,0.9127587091747917,0.551793627986428,1.5098551685249324,0.722224209327246,707,707,38.0,0.0778790325084609
M2_월+외지인방문자+달력,사망·실종,m03,1.2542324352134855,0.7488443959498119,2.100702108541893,0.38931524194416367,707,707,58.0,0.08483792343279412
M2_월+외지인방문자+달력,사망·실종,m04,0.8044757676366885,0.4740399799446097,1.3652461566432865,0.42009726867964803,707,707,37.0,0.08217545875120315
M2_월+외지인방문자+달력,사망·실종,m05,1.3676511545872287,0.8366539301686351,2.2356551654120245,0.21177093522907198,707,707,66.0,0.08480687428198838
M2_월+외지인방문자+달력,사망·실종,m06,1.2267202111547422,0.7498963054589576,2.006734085100645,0.41576997967886165,707,707,57.0,0.08209783587418884
M2_월+외지인방문자+달력,사망·실종,m07,1.6552556963166547,1.0010211077277629,2.7370765701514728,0.04953271821543548,707,707,81.0,0.08474865712422765
M2_월+외지인방문자+달력,사망·실종,m08,2.106613973126557,1.318131782286317,3.366751709813564,0.0018415593222214088,707,707,106.0,0.08465162852795977
M2_월+외지인방문자+달력,사망·실종,m09,1.7886675374810044,1.101300146038601,2.905049609905547,0.01877536666792823,707,707,83.0,0.08199692613407024
M2_월+외지인방문자+달력,사망·실종,m10,1.3071836684853777,0.7903634856979472,2.1619535493165656,0.2967065217971214,707,707,64.0,0.08481463656968982
M2_월+외지인방문자+달력,사망·실종,m11,0.8064582935771681,0.480429547045227,1.3537364287425322,0.41567459980553645,707,707,37.0,0.08217545875120315
M2_월+외지인방문자+달력,사망·실종,m12,0.7669500553100996,0.42951183459232695,1.3694905238140163,0.369720740830509,707,707,35.0,0.08492718974136057
M2_월+외지인방문자+달력,사망·실종,log2_outsider,1.2745737161424873,1.0120613422705294,1.6051775619021933,0.03921793566903897,707,707,,
M2_월+외지인방문자+달력,사망·실종,dow1,0.9927392030554905,0.7496478434821856,1.3146587879254938,0.9594418663272775,707,707,95.0,0.14300074517961933
M2_월+외지인방문자+달력,사망·실종,dow2,0.8809807072285638,0.6581256440064098,1.1792991407904798,0.3944174593207932,707,707,84.0,0.14287266743254573
M2_월+외지인방문자+달력,사망·실종,dow3,0.9543610798009271,0.7159227515380185,1.272211378507118,0.7501090901196799,707,707,92.0,0.14284161828174
M2_월+외지인방문자+달력,사망·실종,dow4,1.0224573352047222,0.7705762510365289,1.3566717127704262,0.8776814552648033,707,707,103.0,0.14281445027478498
M2_월+외지인방문자+달력,사망·실종,dow5,0.9826345032563444,0.7193563781485316,1.3422701130071486,0.9123368221097856,707,707,110.0,0.14264367994535349
M2_월+외지인방문자+달력,사망·실종,dow6,1.1597035023556301,0.8520999840198717,1.5783502389369255,0.3460881592606728,707,707,127.0,0.14282997485018784
M2_월+외지인방문자+달력,사망·실종,hol,0.8131623300991991,0.5576305895202782,1.185790355692661,0.2825534220626369,707,707,35.0,0.050322911168379544
M1_월(기준 1월)+달력,변사제외,m02,1.2877727110796995,0.875406922546353,1.8943859280639272,0.19903986031298038,3075,3075,148.0,0.07786844284531254
M1_월(기준 1월)+달력,변사제외,m03,1.6136245466301768,1.0847437468872028,2.4003679993171687,0.01820334170000848,3075,3075,198.0,0.08488873897027328
M1_월(기준 1월)+달력,변사제외,m04,1.7236078744084427,1.1821953753172165,2.512972192879399,0.0046539896258002145,3075,3075,204.0,0.08213933864473572
M1_월(기준 1월)+달력,변사제외,m05,2.277176602096907,1.5632042795501335,3.317246085476386,1.8068721336916838e-05,3075,3075,286.0,0.08481021017162112
M1_월(기준 1월)+달력,변사제외,m06,2.467521860021923,1.6931194363360687,3.596122044917277,2.598771040140946e-06,3075,3075,294.0,0.08205902510065964
M1_월(기준 1월)+달력,변사제외,m07,2.9314750807361447,2.0348730990391743,4.223136151848822,7.733101270446241e-09,3075,3075,357.0,0.08474685170907222
M1_월(기준 1월)+달력,변사제외,m08,3.629080036579428,2.5477970339200073,5.169258671926394,9.2148511043888e-13,3075,3075,450.0,0.08466386104686027
M1_월(기준 1월)+달력,변사제외,m09,3.088573777204653,2.1322257821299977,4.47386391121624,2.445477376156191e-09,3075,3075,375.0,0.08198674291099117
M1_월(기준 1월)+달력,변사제외,m10,2.176526241705695,1.4966418452862107,3.1652639512612213,4.695369145046868e-05,3075,3075,279.0,0.08481645678060482
M1_월(기준 1월)+달력,변사제외,m11,1.7917506735802935,1.2233373962836775,2.6242723275100377,0.0027412615039827948,3075,3075,210.0,0.08213398440846398
M1_월(기준 1월)+달력,변사제외,m12,1.1951159654192622,0.8204393956046051,1.740899057812136,0.35301928205920596,3075,3075,147.0,0.08493424997858305
M1_월(기준 1월)+달력,변사제외,dow1,0.9706375400357723,0.8392314905548962,1.1226190207707274,0.6880144316920216,3075,3075,359.0,0.14291705931065993
M1_월(기준 1월)+달력,변사제외,dow2,0.8985631481845469,0.7728760781640227,1.0446897686280452,0.1641353020142715,3075,3075,335.0,0.1430116508181273
M1_월(기준 1월)+달력,변사제외,dow3,0.8998371982672434,0.7747080695334294,1.0451769062804408,0.1670995581851873,3075,3075,332.0,0.14301432793626317
M1_월(기준 1월)+달력,변사제외,dow4,1.0906220717918524,0.9447077679248109,1.2590734869179365,0.2364926069525337,3075,3075,402.0,0.14294561523744254
M1_월(기준 1월)+달력,변사제외,dow5,1.7787099673793232,1.5557605762142885,2.0336092818042806,0.0,3075,3075,660.0,0.1425859890345241
M1_월(기준 1월)+달력,변사제외,dow6,1.6451096194611154,1.43753422792361,1.882658240390303,4.689582056016661e-13,3075,3075,609.0,0.14262525343385019
M1_월(기준 1월)+달력,변사제외,hol,1.4336584981296792,1.2186584530313214,1.6865896134777154,1.3896770308718942e-05,3075,3075,213.0,0.050234337074159745
M2_월+외지인방문자+달력,변사제외,m02,1.287264478198761,0.8694909222767891,1.9057701401796023,0.20715874228903886,3023,3023,145.0,0.07786983086417848
M2_월+외지인방문자+달력,변사제외,m03,1.5803512447991819,1.0560184646654331,2.3650249882037646,0.02608146663463784,3023,3023,195.0,0.08488833659054208
M2_월+외지인방문자+달력,변사제외,m04,1.515181887076629,1.0311993648885605,2.2263164903841783,0.0343038535150757,3023,3023,198.0,0.08214157012287832
M2_월+외지인방문자+달력,변사제외,m05,1.9188372050889808,1.3063893350570015,2.8184065200387125,0.0008919198229928593,3023,3023,281.0,0.08481027250719142
M2_월+외지인방문자+달력,변사제외,m06,2.1000634942044663,1.433434444474374,3.076713202121687,0.00014009091135758212,3023,3023,290.0,0.0820580597081311
M2_월+외지인방문자+달력,변사제외,m07,2.3658698620821843,1.629175367414985,3.435689193601105,6.0628734122047945e-06,3023,3023,353.0,0.08474491653043274
M2_월+외지인방문자+달력,변사제외,m08,2.7195825404801965,1.9001074118908898,3.8924795241572534,4.530847319550446e-08,3023,3023,445.0,0.08466140611568553
M2_월+외지인방문자+달력,변사제외,m09,2.5354887254979457,1.741061479696403,3.692404405069143,1.2266269282523723e-06,3023,3023,367.0,0.08198816512187528
M2_월+외지인방문자+달력,변사제외,m10,1.7431557229729906,1.1919077154637832,2.5493516277400246,0.00416802778316705,3023,3023,274.0,0.08481662656048741
M2_월+외지인방문자+달력,변사제외,m11,1.5845962933368472,1.0752005257837745,2.3353275529943636,0.01999503499498756,3023,3023,207.0,0.08213340062578348
M2_월+외지인방문자+달력,변사제외,m12,1.1828586079090326,0.8061433707382122,1.7356149502578462,0.39064803344006993,3023,3023,144.0,0.08493463040741282
M2_월+외지인방문자+달력,변사제외,log2_outsider,1.9672031937962513,1.7317700702505172,2.234643312158845,0.0,3023,3023,,
M2_월+외지인방문자+달력,변사제외,dow1,0.9868946184478368,0.8517480837476966,1.1434848008531668,0.8606332469293694,3023,3023,353.0,0.1429189976208609
M2_월+외지인방문자+달력,변사제외,dow2,0.9258197211766585,0.7954974532605107,1.077492017864358,0.3193672747465377,3023,3023,330.0,0.14300976981080352
M2_월+외지인방문자+달력,변사제외,dow3,0.8922159940462493,0.7673539645772184,1.0373952788144236,0.1381537204620802,3023,3023,326.0,0.14301340069840124
M2_월+외지인방문자+달력,변사제외,dow4,0.9457940680272255,0.8169141626424862,1.0950066237338183,0.4558758390863453,3023,3023,395.0,0.1429462292778437
M2_월+외지인방문자+달력,변사제외,dow5,1.1295966066573957,0.9638231563644575,1.323882379610938,0.13233840578047706,3023,3023,646.0,0.14258586368377146
M2_월+외지인방문자+달력,변사제외,dow6,1.1231687595535125,0.9606799609661333,1.3131408103571836,0.14515276715341052,3023,3023,603.0,0.14262217255974852
M2_월+외지인방문자+달력,변사제외,hol,0.9309947741411503,0.7731991356959166,1.1209935829765425,0.4504854982170674,3023,3023,210.0,0.05023332991424751
