check,value
인명: 해상특보구역 폴리곤 안 사고 수,2183
  WV 딱지 일치(저장 vs 재계산),2147
  TY 딱지 일치,2180
인명: 폴리곤 밖(3km 이내 최근접으로 붙인) 사고 수,1148
  그중 재계산상 풍랑·태풍 발효일인데 저장 딱지에는 없는 사고,192
인명: 저장 GW 딱지 있는 사고,8
인명: 재계산 GW(강풍) 발효일 사고,229
  재계산 GW 있는데 저장 딱지 없음,221
선박: 폴리곤 안 사건의 시각 특보 딱지 일치,5496 / 5544
  불일치 예,"(415, '20200630', '6:20', '인천경기남부앞바다', {'WV'}, set())"
  불일치 예,"(491, '20200723', '19:32', '인천경기남부앞바다', {'WV'}, set())"
  불일치 예,"(550, '20200806', '9:40', '인천경기남부앞바다', {'WV'}, set())"
  불일치 예,"(631, '20200828', '6:40', '인천경기남부앞바다', {'TY'}, set())"
  불일치 예,"(641, '20200901', '21:00', '인천경기북부앞바다', {'TY'}, set())"
대해구-일(특보 없음) n=55299: 파고 일최대 중앙값/90%,0.6 / 1.4 m; 풍속 6.4 / 10.0 m/s; 파고3m↑ 또는 풍속14↑ 비율 0.00
대해구-일(주의보) n=11454: 파고 일최대 중앙값/90%,1.8 / 2.8 m; 풍속 11.3 / 14.6 m/s; 파고3m↑ 또는 풍속14↑ 비율 0.19
대해구-일(경보) n=1557: 파고 일최대 중앙값/90%,3.2 / 4.8 m; 풍속 14.8 / 18.3 m/s; 파고3m↑ 또는 풍속14↑ 비율 0.75
