sgg,date,events,accidents_on_day,ref_mean_same_dow_month,n_ref_days
26170,20240524,부산 북항 SUP 레이스,0,0.0,4
26170,20240525,부산 북항 SUP 레이스,0,0.0,3
26170,20240526,부산 북항 SUP 레이스,0,0.0,3
26290,20231104,부산불꽃축제(제18회),0,0.0,3
26350,20200104,해운대 북극곰 축제(제33회),0,0.0,3
26350,20200105,해운대 북극곰 축제(제33회),0,0.0,3
26350,20210505,해운대모래축제,0,0.0,3
26350,20210506,해운대모래축제,0,0.0,3
26350,20210507,해운대모래축제,0,0.0,3
26350,20210508,해운대모래축제,0,0.25,4
26350,20210509,해운대모래축제,0,0.25,4
26350,20220520,해운대모래축제,0,0.0,3
26350,20220521,해운대모래축제,0,0.0,3
26350,20220522,해운대모래축제,0,0.0,4
26350,20220523,해운대모래축제,0,0.0,4
26350,20220730,부산바다축제(제26회),1,0.0,4
26350,20220731,부산바다축제(제26회),0,0.0,4
26350,20220801,부산바다축제(제26회),0,0.0,4
26350,20220802,부산바다축제(제26회),0,0.0,4
26350,20220803,부산바다축제(제26회),0,0.0,4
26350,20220804,부산바다축제(제26회),0,0.0,3
26350,20220805,부산바다축제(제26회),0,0.0,3
26350,20220806,부산바다축제(제26회),0,0.0,3
26350,20220807,부산바다축제(제26회),0,0.0,3
26350,20221231,해운대 카운트다운&해맞이 축제,0,0.0,4
26350,20230101,해운대 카운트다운&해맞이 축제,0,0.0,4
26350,20230519,해운대모래축제,0,0.0,3
26350,20230520,해운대모래축제,0,0.0,3
26350,20230521,해운대모래축제,0,0.0,3
26350,20230522,해운대모래축제,0,0.0,4
26350,20230801,부산바다축제(제27회),0,0.0,4
26350,20230802,부산바다축제(제27회),0,0.0,4
26350,20230803,부산바다축제(제27회),0,0.0,4
26350,20230804,부산바다축제(제27회),0,0.0,3
26350,20230805,부산바다축제(제27회),1,0.0,3
26350,20230806,부산바다축제(제27회),0,0.0,3
26350,20231104,부산불꽃축제(제18회),0,0.0,3
26350,20231216,해운대 북극곰 축제(제36회),0,0.0,4
26350,20231231,해운대 카운트다운&해맞이 축제,0,0.0,4
26350,20240101,해운대 카운트다운&해맞이 축제,0,0.0,4
26350,20240524,해운대모래축제,0,0.25,4
26350,20240525,해운대모래축제,0,0.0,3
26350,20240526,해운대모래축제,0,0.0,3
26350,20240527,해운대모래축제,0,0.0,3
26380,20220730,부산바다축제(제26회),0,0.0,4
26380,20220731,부산바다축제(제26회),0,0.0,4
26380,20220801,부산바다축제(제26회),0,0.0,4
26380,20220802,부산바다축제(제26회),0,0.0,4
26380,20220803,부산바다축제(제26회),0,0.0,4
26380,20220804,부산바다축제(제26회),0,0.0,3
26380,20220805,부산바다축제(제26회),0,0.0,3
26380,20220806,부산바다축제(제26회),0,0.0,3
26380,20220807,부산바다축제(제26회),0,0.0,3
26380,20230801,부산바다축제(제27회),0,0.0,4
26380,20230802,부산바다축제(제27회),1,0.0,4
26380,20230803,부산바다축제(제27회),0,0.0,4
26380,20230804,부산바다축제(제27회),0,0.0,3
26380,20230805,부산바다축제(제27회),0,0.0,3
26380,20230806,부산바다축제(제27회),1,0.0,3
26380,20240726,부산바다축제(제28회),0,0.0,3
26380,20240727,부산바다축제(제28회),0,0.0,3
26380,20240728,부산바다축제(제28회),0,0.33,3
26500,20220730,부산바다축제(제26회),0,0.0,4
26500,20220731,부산바다축제(제26회),0,0.0,4
26500,20220801,부산바다축제(제26회),0,0.0,4
26500,20220802,부산바다축제(제26회),0,0.0,4
26500,20220803,부산바다축제(제26회),0,0.0,4
26500,20220804,부산바다축제(제26회),0,0.0,3
26500,20220805,부산바다축제(제26회),0,0.0,3
26500,20220806,부산바다축제(제26회),0,0.0,3
26500,20220807,부산바다축제(제26회),0,0.0,3
26500,20221217,부산불꽃축제(제17회),0,0.0,4
26500,20231104,부산불꽃축제(제18회),0,0.0,3
26500,20240510,광안리어방축제,0,0.0,4
26500,20240511,광안리어방축제,0,0.0,3
26500,20240512,광안리어방축제,0,0.0,3
26500,20240810,대한민국 국제해양레저위크(KIMA WEEK) 부산시장배 SUP 대회,0,0.0,4
26500,20241109,부산불꽃축제(제19회),0,0.0,4
26710,20230421,기장멸치축제(제27회),0,0.0,3
26710,20230422,기장멸치축제(제27회),0,0.0,4
26710,20230423,기장멸치축제(제27회),0,0.0,4
28200,20230915,소래포구축제(제23회),0,0.0,4
28200,20230916,소래포구축제(제23회),0,0.0,4
28200,20230917,소래포구축제(제23회),0,0.0,3
31140,20230511,울산고래축제,0,0.0,3
31140,20230512,울산고래축제,0,0.0,3
31140,20230513,울산고래축제,0,0.0,3
31140,20230514,울산고래축제,0,0.0,3
31140,20240926,울산고래축제(제28회),0,0.0,3
31140,20240927,울산고래축제(제28회),0,0.0,3
31140,20240928,울산고래축제(제28회),0,0.0,3
31140,20240929,울산고래축제(제28회),0,0.0,4
31710,20221231,간절곶 해맞이 행사,0,0.0,4
31710,20230101,간절곶 해맞이 행사,0,0.0,4
31710,20231231,간절곶 해맞이 행사,0,0.0,4
31710,20240101,간절곶 해맞이 행사,0,0.0,4
41590,20220916,화성 뱃놀이축제(제12회),0,0.0,4
41590,20220917,화성 뱃놀이축제(제12회),0,0.33,3
41590,20220918,화성 뱃놀이축제(제12회),0,0.0,3
41590,20230609,화성 뱃놀이축제(제13회),0,0.25,4
41590,20230610,화성 뱃놀이축제(제13회),0,0.0,3
41590,20230611,화성 뱃놀이축제(제13회),0,0.0,3
41590,20240531,화성 뱃놀이축제(제14회),0,0.0,4
41590,20240601,화성 뱃놀이축제(제14회),1,0.0,4
41590,20240602,화성 뱃놀이축제(제14회),0,0.0,4
44180,20210723,보령머드축제(제24회),0,0.0,4
44180,20220716,보령머드축제(제25회)+2022보령해양머드박람회,0,0.0,2
44180,20220717,보령머드축제(제25회)+2022보령해양머드박람회,0,0.0,2
44180,20220718,보령머드축제(제25회)+2022보령해양머드박람회,0,0.0,2
44180,20220719,보령머드축제(제25회)+2022보령해양머드박람회,0,0.0,2
44180,20220720,보령머드축제(제25회)+2022보령해양머드박람회,0,0.5,2
44180,20220721,보령머드축제(제25회)+2022보령해양머드박람회,0,0.0,2
44180,20220722,보령머드축제(제25회)+2022보령해양머드박람회,0,0.0,3
44180,20220723,보령머드축제(제25회)+2022보령해양머드박람회,0,0.0,2
44180,20220724,보령머드축제(제25회)+2022보령해양머드박람회,0,0.0,2
44180,20220725,보령머드축제(제25회)+2022보령해양머드박람회,0,0.0,2
44180,20220726,보령머드축제(제25회)+2022보령해양머드박람회,0,0.0,2
44180,20220727,보령머드축제(제25회)+2022보령해양머드박람회,0,0.5,2
44180,20220728,보령머드축제(제25회)+2022보령해양머드박람회,0,0.0,2
44180,20220729,보령머드축제(제25회)+2022보령해양머드박람회,0,0.0,3
44180,20220730,보령머드축제(제25회)+2022보령해양머드박람회,1,0.0,2
44180,20220731,보령머드축제(제25회)+2022보령해양머드박람회,0,0.0,2
44180,20220801,보령머드축제(제25회)+2022보령해양머드박람회,0,0.0,2
44180,20220802,보령머드축제(제25회)+2022보령해양머드박람회,0,0.0,3
44180,20220803,보령머드축제(제25회)+2022보령해양머드박람회,0,0.0,3
44180,20220804,보령머드축제(제25회)+2022보령해양머드박람회,0,0.0,2
44180,20220805,보령머드축제(제25회)+2022보령해양머드박람회,0,0.5,2
44180,20220806,보령머드축제(제25회)+2022보령해양머드박람회,1,0.0,2
44180,20220807,보령머드축제(제25회)+2022보령해양머드박람회,0,0.0,2
44180,20220808,보령머드축제(제25회)+2022보령해양머드박람회,0,0.0,2
44180,20220809,보령머드축제(제25회)+2022보령해양머드박람회,0,0.0,3
44180,20220810,보령머드축제(제25회)+2022보령해양머드박람회,0,0.0,3
44180,20220811,보령머드축제(제25회)+2022보령해양머드박람회,0,0.0,2
44180,20220812,보령머드축제(제25회)+2022보령해양머드박람회,1,0.5,2
44180,20220813,보령머드축제(제25회)+2022보령해양머드박람회,0,0.0,2
44180,20220814,보령머드축제(제25회)+2022보령해양머드박람회,1,0.0,2
44180,20220815,보령머드축제(제25회)+2022보령해양머드박람회,0,0.0,2
44180,20230721,보령머드축제(제26회),0,0.0,2
44180,20230722,보령머드축제(제26회),0,0.0,3
44180,20230723,보령머드축제(제26회),0,0.0,3
44180,20230724,보령머드축제(제26회),0,0.0,3
44180,20230725,보령머드축제(제26회),0,0.0,3
44180,20230726,보령머드축제(제26회),0,0.0,3
44180,20230727,보령머드축제(제26회),0,0.0,3
44180,20230728,보령머드축제(제26회),0,0.0,2
44180,20230729,보령머드축제(제26회),0,0.0,3
44180,20230730,보령머드축제(제26회),0,0.0,3
44180,20230731,보령머드축제(제26회),0,0.0,3
44180,20230801,보령머드축제(제26회),1,0.0,4
44180,20230802,보령머드축제(제26회),0,0.0,4
44180,20230803,보령머드축제(제26회),0,0.0,4
44180,20230804,보령머드축제(제26회),0,0.0,3
44180,20230805,보령머드축제(제26회),0,0.0,3
44180,20230806,보령머드축제(제26회),0,0.0,3
44180,20240719,보령머드축제(제27회),0,0.0,2
44180,20240720,보령머드축제(제27회),0,0.0,2
44180,20240721,보령머드축제(제27회),0,0.0,2
44180,20240722,보령머드축제(제27회),0,0.0,3
44180,20240723,보령머드축제(제27회),0,0.0,3
44180,20240724,보령머드축제(제27회),1,0.33,3
44180,20240725,보령머드축제(제27회),0,0.0,3
44180,20240726,보령머드축제(제27회),0,0.0,2
44180,20240727,보령머드축제(제27회),0,0.0,2
44180,20240728,보령머드축제(제27회),1,0.0,2
44180,20240729,보령머드축제(제27회),0,0.0,3
44180,20240730,보령머드축제(제27회),0,0.0,3
44180,20240731,보령머드축제(제27회),0,0.33,3
44180,20240801,보령머드축제(제27회),0,0.0,4
44180,20240802,보령머드축제(제27회),0,0.25,4
44180,20240803,보령머드축제(제27회),0,0.0,4
44180,20240804,보령머드축제(제27회),1,0.0,3
44770,20230902,서천 홍원항 자연산 전어·꽃게 축제(제21회),0,0.0,2
44770,20230903,서천 홍원항 자연산 전어·꽃게 축제(제21회),0,0.0,1
44770,20230904,서천 홍원항 자연산 전어·꽃게 축제(제21회),0,0.0,2
44770,20230905,서천 홍원항 자연산 전어·꽃게 축제(제21회),0,0.0,2
44770,20230906,서천 홍원항 자연산 전어·꽃게 축제(제21회),0,0.5,2
44770,20230907,서천 홍원항 자연산 전어·꽃게 축제(제21회),0,0.0,2
44770,20230908,서천 홍원항 자연산 전어·꽃게 축제(제21회),0,0.0,3
44770,20230909,서천 홍원항 자연산 전어·꽃게 축제(제21회),0,0.0,2
44770,20230910,서천 홍원항 자연산 전어·꽃게 축제(제21회),0,0.0,1
44770,20230911,서천 홍원항 자연산 전어·꽃게 축제(제21회),0,0.0,2
44770,20230912,서천 홍원항 자연산 전어·꽃게 축제(제21회),0,0.0,2
44770,20230913,서천 홍원항 자연산 전어·꽃게 축제(제21회),0,0.5,2
44770,20230914,서천 홍원항 자연산 전어·꽃게 축제(제21회),0,0.0,2
44770,20230915,서천 홍원항 자연산 전어·꽃게 축제(제21회),0,0.0,3
44770,20230916,서천 홍원항 자연산 전어·꽃게 축제(제21회),0,0.0,2
44770,20230917,서천 홍원항 자연산 전어·꽃게 축제(제21회),0,0.0,1
46130,20221022,여수밤바다 불꽃축제,0,0.0,4
46130,20231028,여수밤바다 불꽃축제,1,0.0,3
46130,20240503,여수거북선축제(제58회),0,0.0,4
46130,20240504,여수거북선축제(제58회),0,0.33,3
46130,20240505,여수거북선축제(제58회),0,0.0,3
46130,20240506,여수거북선축제(제58회),0,0.33,3
46130,20241102,여수밤바다 불꽃축제,0,0.0,4
46840,20240621,무안황토갯벌축제(제10회),0,0.0,3
46840,20240622,무안황토갯벌축제(제10회),0,0.25,4
46840,20240623,무안황토갯벌축제(제10회),0,0.0,4
46900,20230420,진도 신비의바닷길축제(제43회),0,0.0,3
46900,20230421,진도 신비의바닷길축제(제43회),1,0.0,3
46900,20230422,진도 신비의바닷길축제(제43회),0,0.0,4
46900,20240311,진도 신비의바닷길축제(제44회),0,0.0,3
46900,20240312,진도 신비의바닷길축제(제44회),0,0.0,3
46900,20240313,진도 신비의바닷길축제(제44회),0,0.0,3
47111,20191231,호미곶한민족해맞이축전(제22회),0,0.0,4
47111,20200101,호미곶한민족해맞이축전(제22회),0,0.0,4
47111,20231231,호미곶한민족해맞이축전,0,0.0,4
47111,20240101,호미곶한민족해맞이축전,0,0.0,4
47111,20240428,포항해변마라톤(제22회 통일기원),0,0.0,3
47113,20211120,포항국제불빛축제,0,0.0,3
47113,20211121,포항국제불빛축제,0,0.33,3
47113,20240428,포항해변마라톤(제22회 통일기원),0,0.0,3
47113,20240531,포항국제불빛축제,0,0.0,4
47113,20240601,포항국제불빛축제,0,0.0,4
47113,20240602,포항국제불빛축제,0,0.0,4
47770,20230224,영덕대게축제(제26회),0,0.0,3
47770,20230225,영덕대게축제(제26회),0,0.0,3
47770,20230226,영덕대게축제(제26회),0,0.0,3
48129,20230325,진해군항제(제61회),0,0.0,3
48129,20230326,진해군항제(제61회),0,0.0,3
48129,20230327,진해군항제(제61회),0,0.0,3
48129,20230328,진해군항제(제61회),0,0.0,3
48129,20230329,진해군항제(제61회),0,0.0,4
48129,20230330,진해군항제(제61회),0,0.0,4
48129,20230331,진해군항제(제61회),0,0.0,4
48129,20230401,진해군항제(제61회),0,0.0,4
48129,20230402,진해군항제(제61회),0,0.0,4
48129,20230403,진해군항제(제61회),0,0.0,3
48129,20240322,진해군항제(제62회),0,0.33,3
48129,20240323,진해군항제(제62회),0,0.0,3
48129,20240324,진해군항제(제62회),0,0.0,3
48129,20240325,진해군항제(제62회),0,0.0,3
48129,20240326,진해군항제(제62회),0,0.0,3
48129,20240327,진해군항제(제62회),0,0.0,3
48129,20240328,진해군항제(제62회),0,0.0,3
48129,20240329,진해군항제(제62회),0,0.33,3
48129,20240330,진해군항제(제62회),0,0.0,3
48129,20240331,진해군항제(제62회),0,0.0,3
48129,20240401,진해군항제(제62회),0,0.0,4
48220,20211117,이순신장군배 국제요트대회(제15회),0,0.0,3
48220,20211118,이순신장군배 국제요트대회(제15회),0,0.0,3
48220,20211119,이순신장군배 국제요트대회(제15회),0,0.0,3
48220,20211120,이순신장군배 국제요트대회(제15회),0,0.33,3
48220,20211121,이순신장군배 국제요트대회(제15회),0,0.0,3
48220,20230804,통영한산대첩축제(제62회),1,0.0,2
48220,20230805,통영한산대첩축제(제62회),0,0.5,2
48220,20230806,통영한산대첩축제(제62회),0,0.67,3
48220,20230807,통영한산대첩축제(제62회),0,0.0,3
48220,20230808,통영한산대첩축제(제62회),0,0.0,4
48220,20230809,통영한산대첩축제(제62회),0,0.0,4
48220,20230810,통영한산대첩축제(제62회),0,0.25,4
48220,20230811,통영한산대첩축제(제62회),0,0.0,2
48220,20230812,통영한산대첩축제(제62회),0,0.5,2
48220,20240809,통영한산대첩축제(제63회),0,0.0,4
48220,20240810,통영한산대첩축제(제63회),1,0.5,4
48220,20240811,통영한산대첩축제(제63회),1,0.33,3
48220,20240812,통영한산대첩축제(제63회),0,0.0,3
48220,20240813,통영한산대첩축제(제63회),0,0.0,3
48220,20240814,통영한산대첩축제(제63회),0,0.0,3
50130,20231230,성산일출축제(제31회),0,0.0,4
50130,20231231,성산일출축제(제31회),0,0.5,4
50130,20240101,성산일출축제(제31회),0,0.25,4
50130,20241128,최남단 방어축제,0,0.0,3
50130,20241129,최남단 방어축제,0,0.0,4
50130,20241130,최남단 방어축제,0,0.0,4
50130,20241201,최남단 방어축제,0,0.0,4
51150,20231231,강릉 경포·정동진 해넘이·해맞이 축제,1,0.0,4
51150,20240101,강릉 경포·정동진 해넘이·해맞이 축제,0,0.0,4
51150,20240608,K-SUP Cup 2024 강릉,0,0.25,4
51150,20240609,K-SUP Cup 2024 강릉,0,0.25,4
51150,20241231,강릉 경포·정동진 해맞이(불꽃놀이),0,0.0,4
51150,20250101,강릉 경포·정동진 해맞이(불꽃놀이),0,0.0,4
51210,20200101,속초 해맞이(새해맞이) 행사,0,0.0,4
51210,20240101,"속초 새해맞이 '갑진속초, 갑진새해'",0,0.0,4
52130,20230513,군산새만금신항 걷기대회,0,0.0,3
52130,20240531,2024 군산새만금국제철인3종경기대회(Challenge 군산-새만금),0,0.0,4
52130,20240601,2024 군산새만금국제철인3종경기대회(Challenge 군산-새만금),0,0.25,4
52130,20240602,2024 군산새만금국제철인3종경기대회(Challenge 군산-새만금),1,0.0,4
52130,20240603,2024 군산새만금국제철인3종경기대회(Challenge 군산-새만금),0,0.0,3
52130,20241012,군산새만금전국걷기대회(제15회),0,0.0,3
