model,outcome,term,RR,lo,hi,p,n_spots,events
출발안 구간(0/1-2/3-5/6+),n_all,bin_start_1-2,2.073318287762997,1.6295679094458537,2.637907077977666,2.9551436893365307e-09,1354,2592
출발안 구간(0/1-2/3-5/6+),n_all,bin_start_3-5,3.1583408869723804,2.459839694153384,4.055189930478242,1.912979418467818e-19,1354,2592
출발안 구간(0/1-2/3-5/6+),n_all,bin_start_6+,4.185962839284565,3.0881233968476414,5.674088318413074,2.817687910852805e-20,1354,2592
출발안 구간(0/1-2/3-5/6+),n_all,log_coast,1.869699099903787,1.7375314794116186,2.011920224527275,7.900990002921419e-63,1354,2592
출발안 구간(0/1-2/3-5/6+),n_2020_22,bin_start_1-2,2.502633151033296,1.8727658312539568,3.3443437423552203,5.591457027587118e-10,1354,1596
출발안 구간(0/1-2/3-5/6+),n_2020_22,bin_start_3-5,3.9696372924146983,2.9663109448393885,5.312329194868921,1.783135956451572e-20,1354,1596
출발안 구간(0/1-2/3-5/6+),n_2020_22,bin_start_6+,5.122990216967609,3.5964588462758305,7.297463945770664,1.41714282796422e-19,1354,1596
출발안 구간(0/1-2/3-5/6+),n_2020_22,log_coast,1.881317895912516,1.7361755104488057,2.0385940270323037,1.0640364743460947e-53,1354,1596
출발안 구간(0/1-2/3-5/6+),n_2023_24,bin_start_1-2,1.665430852986741,1.2216044966261064,2.2705056618083743,0.0012558059774998274,1354,996
출발안 구간(0/1-2/3-5/6+),n_2023_24,bin_start_3-5,2.3660993969197475,1.7013199197816111,3.290637046571835,3.0917545093766656e-07,1354,996
출발안 구간(0/1-2/3-5/6+),n_2023_24,bin_start_6+,3.2844213652347944,2.226987203669392,4.8439540589350605,1.986723036658123e-09,1354,996
출발안 구간(0/1-2/3-5/6+),n_2023_24,log_coast,1.8501761307617206,1.6911207181609071,2.0241912230624717,4.877199242772679e-41,1354,996
출발안 구간(0/1-2/3-5/6+),n_fatal,bin_start_1-2,1.5161772759110583,1.0654293316076582,2.157621780996361,0.020773010413508795,1354,463
출발안 구간(0/1-2/3-5/6+),n_fatal,bin_start_3-5,2.3285319447198645,1.5813772956269243,3.4286953736940693,1.8569154438578236e-05,1354,463
출발안 구간(0/1-2/3-5/6+),n_fatal,bin_start_6+,2.5206399708991536,1.5968841597046728,3.9787644108571545,7.193549702090133e-05,1354,463
출발안 구간(0/1-2/3-5/6+),n_fatal,log_coast,1.8542491450556713,1.669159520746182,2.059862972475306,1.191318845867666e-30,1354,463
출발안 구간(0/1-2/3-5/6+),n_익수,bin_start_1-2,1.7282926946750958,1.238057040401718,2.412647835271063,0.001305967324752928,1354,1063
출발안 구간(0/1-2/3-5/6+),n_익수,bin_start_3-5,2.7684311635667957,1.9538649346723929,3.9225900272850085,1.0198933879044782e-08,1354,1063
출발안 구간(0/1-2/3-5/6+),n_익수,bin_start_6+,3.974468223081315,2.654303951789215,5.951239173507276,2.0934254466337283e-11,1354,1063
출발안 구간(0/1-2/3-5/6+),n_익수,log_coast,1.8225990373327445,1.660034815338397,2.001082881029267,2.3023052570911604e-36,1354,1063
출발안 구간(0/1-2/3-5/6+),n_추락,bin_start_1-2,1.8718721595274144,0.9966292992221409,3.515755942905339,0.05123563311532917,1354,276
출발안 구간(0/1-2/3-5/6+),n_추락,bin_start_3-5,2.9813109718464954,1.5195773286956886,5.849136429589528,0.0014884263580546933,1354,276
출발안 구간(0/1-2/3-5/6+),n_추락,bin_start_6+,3.6085009504218966,1.732141093780884,7.517447138658395,0.0006101029588244067,1354,276
출발안 구간(0/1-2/3-5/6+),n_추락,log_coast,2.031424411911216,1.7324774946578152,2.3819559873266347,2.6268837060879276e-18,1354,276
출발안 구간(0/1-2/3-5/6+),n_고립,bin_start_1-2,2.9058449766661445,1.8046331969233722,4.67903119748185,1.1386723231111688e-05,1354,646
출발안 구간(0/1-2/3-5/6+),n_고립,bin_start_3-5,4.44761502431172,2.856373423291128,6.9253127911025185,3.960246930260527e-11,1354,646
출발안 구간(0/1-2/3-5/6+),n_고립,bin_start_6+,6.480012461339528,3.335291777758973,12.589771539367261,3.4925486056889545e-08,1354,646
출발안 구간(0/1-2/3-5/6+),n_고립,log_coast,1.8265990790605886,1.5712200830503915,2.1234862204329303,4.485741240434007e-15,1354,646
출발안 구간(0/1-2/3-5/6+),n_표류,bin_start_1-2,1.9299921237378377,1.1040110035114814,3.373942456952469,0.021042903450243525,1354,443
출발안 구간(0/1-2/3-5/6+),n_표류,bin_start_3-5,2.6467482989676645,1.5102289715705646,4.638552623449595,0.0006734611105701269,1354,443
출발안 구간(0/1-2/3-5/6+),n_표류,bin_start_6+,2.741640030490514,1.478171736601788,5.085058705065038,0.0013745118333421812,1354,443
출발안 구간(0/1-2/3-5/6+),n_표류,log_coast,1.948882392348193,1.6712399126826616,2.2726495163151457,1.747377333765014e-17,1354,443
출발안 구간(0/1-2/3-5/6+),n_변사,bin_start_1-2,1.743807524476857,0.9597883839619568,3.168265769032932,0.06795880894382847,1354,164
출발안 구간(0/1-2/3-5/6+),n_변사,bin_start_3-5,2.3442541806564803,1.245354295485478,4.412822666968887,0.008293263785719622,1354,164
출발안 구간(0/1-2/3-5/6+),n_변사,bin_start_6+,2.561447394756851,1.3246917350011562,4.952860037358755,0.005177338484652618,1354,164
출발안 구간(0/1-2/3-5/6+),n_변사,log_coast,2.032078077149448,1.7084531960471492,2.417005816246802,1.1333796027796999e-15,1354,164
세분 구간,n_all,bin_fine_1,1.6440703888170392,1.2231416548140783,2.2098564240262673,0.0009847031242207526,1354,2592
세분 구간,n_all,bin_fine_13+,5.228581269195925,2.2376673446801347,12.217214571048908,0.00013341510265774668,1354,2592
세분 구간,n_all,bin_fine_2,2.6715460295166262,2.0399465757932496,3.498698579912912,9.305540691608412e-13,1354,2592
세분 구간,n_all,bin_fine_3,2.760691516896688,2.078324922535979,3.6670963085818444,2.3789087653531407e-12,1354,2592
세분 구간,n_all,bin_fine_4-5,3.7326260711661634,2.836875306201458,4.911212472642936,5.073988285079067e-21,1354,2592
세분 구간,n_all,bin_fine_6-8,4.3159904995205185,3.1505863423106226,5.912478493857074,8.509103611650034e-20,1354,2592
세분 구간,n_all,bin_fine_9-12,5.691464120554967,3.547895305718897,9.130135205328699,5.522895384660173e-13,1354,2592
세분 구간,n_all,log_coast,1.8906825977998871,1.7543539713421705,2.037605149255322,1.7864221468636477e-62,1354,2592
출발안 구간 + 사망사고구역 3km 안 있음,n_all,fatal_any,1.2805692827385435,1.0524525408970045,1.5581298197977254,0.013482669687956117,1354,2592
출발안 구간 + 사망사고구역 3km 안 있음,n_all,bin_start_1-2,1.8452269461969097,1.4141274537209152,2.40774795370258,6.410058931441371e-06,1354,2592
출발안 구간 + 사망사고구역 3km 안 있음,n_all,bin_start_3-5,2.637648468036933,1.9386989395862737,3.5885868088535053,6.63288657688625e-10,1354,2592
출발안 구간 + 사망사고구역 3km 안 있음,n_all,bin_start_6+,3.360421243794805,2.382612045033488,4.739517270252325,4.894902665806215e-12,1354,2592
출발안 구간 + 사망사고구역 3km 안 있음,n_all,log_coast,1.8660599139868244,1.7344049077664674,2.007708573122523,1.0781273486522406e-62,1354,2592
세분 구간,n_2023_24,bin_fine_1,1.3944229649352498,0.9657038933938579,2.013469572236458,0.07609362809716232,1354,996
세분 구간,n_2023_24,bin_fine_13+,3.4012187146740014,1.3322301501374691,8.683401095415057,0.010471496512188705,1354,996
세분 구간,n_2023_24,bin_fine_2,2.064562223492471,1.4519575018536228,2.9356349405754756,5.427472359884114e-05,1354,996
세분 구간,n_2023_24,bin_fine_3,1.8216857588201538,1.258334716703476,2.6372466402118397,0.0014862749377467788,1354,996
세분 구간,n_2023_24,bin_fine_4-5,3.014971098577965,2.1005632159133683,4.327434973818619,2.158415682479661e-09,1354,996
세분 구간,n_2023_24,bin_fine_6-8,3.4325909594927855,2.2968356559471705,5.129962461477311,1.7830855356876594e-09,1354,996
세분 구간,n_2023_24,bin_fine_9-12,4.5639315000273015,2.5439603252421437,8.187812730514509,3.5571896042386174e-07,1354,996
세분 구간,n_2023_24,log_coast,1.8670637207684053,1.7020002579044633,2.048135375550122,6.650568392016314e-40,1354,996
출발안 구간 + 사망사고구역 3km 안 있음,n_2023_24,fatal_any,1.2461283840573347,0.9805782537262733,1.583592072996161,0.0719242125332226,1354,996
출발안 구간 + 사망사고구역 3km 안 있음,n_2023_24,bin_start_1-2,1.495736772528205,1.0668542387006423,2.0970329512097985,0.019523960934314723,1354,996
출발안 구간 + 사망사고구역 3km 안 있음,n_2023_24,bin_start_3-5,2.0043012268057243,1.3465481300048079,2.983349290129413,0.0006120651091369283,1354,996
출발안 구간 + 사망사고구역 3km 안 있음,n_2023_24,bin_start_6+,2.6964257310335036,1.7337859203582708,4.193546410549428,1.0707043150249434e-05,1354,996
출발안 구간 + 사망사고구역 3km 안 있음,n_2023_24,log_coast,1.8474406378932333,1.6880902664360848,2.021833179421737,1.4085239886520839e-40,1354,996
세분 구간,n_fatal,bin_fine_1,1.3173179001773534,0.8701604672056689,1.9942602721315248,0.1926986357718199,1354,463
세분 구간,n_fatal,bin_fine_13+,3.5404056569887365,0.8121063355055101,15.434520909426892,0.09238532562352413,1354,463
세분 구간,n_fatal,bin_fine_2,1.8105425781071245,1.1807458679610776,2.776265846942479,0.006493093340750161,1354,463
세분 구간,n_fatal,bin_fine_3,1.9689811734146998,1.301816801998683,2.978058706347416,0.0013298411171661665,1354,463
세분 구간,n_fatal,bin_fine_4-5,2.8310640846181525,1.8351109650393047,4.3675418020529095,2.5433337139179284e-06,1354,463
세분 구간,n_fatal,bin_fine_6-8,2.562883630529247,1.5979105788636703,4.110600799893177,9.442551886077377e-05,1354,463
세분 구간,n_fatal,bin_fine_9-12,4.093578574524876,1.831641021644482,9.148837216347127,0.0005925255088532422,1354,463
세분 구간,n_fatal,log_coast,1.8690241375520231,1.6774172155716291,2.0825178103121207,8.982578399736742e-30,1354,463
출발안 구간 + 사망사고구역 3km 안 있음,n_fatal,fatal_any,1.366889845852158,1.0191365875700458,1.8333046556091,0.03692867234776101,1354,463
출발안 구간 + 사망사고구역 3km 안 있음,n_fatal,bin_start_1-2,1.306237221974526,0.887360779468353,1.9228432443160275,0.17566594719162265,1354,463
출발안 구간 + 사망사고구역 3km 안 있음,n_fatal,bin_start_3-5,1.8478943137772315,1.140767579959902,2.9933471592962455,0.01258983830750278,1354,463
출발안 구간 + 사망사고구역 3km 안 있음,n_fatal,bin_start_6+,1.8914251568760923,1.0856232864507864,3.2953319707792814,0.02444651495943244,1354,463
출발안 구간 + 사망사고구역 3km 안 있음,n_fatal,log_coast,1.8585022395986286,1.6732208044768897,2.0643005187070784,6.070725485712493e-31,1354,463
연속 log(개수+1) 1단위,n_all,log_hz1,2.069287775932703,1.8084502508993572,2.3677465816353322,3.7387765109189935e-26,1354,2592
연속 log(개수+1) 1단위,n_2023_24,log_hz1,1.8746493342506099,1.563928409703166,2.2471042181996506,1.0702921434172258e-11,1354,996
