area,factor,level,outcome,RR,lo,hi,n
연안,사람(혼잡),사람(외지인 방문자) 2배,전체 사고,1.9605599692464588,1.617652050870482,2.376157091967505,3023
연안,사람(혼잡),사람(외지인 방문자) 2배,사망·실종 사고,1.540200456565498,1.074393804310051,2.2079589782518787,471
연안,달(1년 평균 날 대비),1월,전체 사고,0.5813482707941683,0.46090506597168124,0.7332655614076821,124
연안,달(1년 평균 날 대비),2월,전체 사고,0.7483489711223442,0.5892530635587913,0.9504001204467153,145
연안,달(1년 평균 날 대비),3월,전체 사고,0.9187344636087242,0.7456685371195656,1.1319681233741872,195
연안,달(1년 평균 날 대비),4월,전체 사고,0.8808483679770289,0.6990956497443289,1.1098536339792027,198
연안,달(1년 평균 날 대비),5월,전체 사고,1.1155126873821661,0.9119427104094019,1.36452492191307,281
연안,달(1년 평균 날 대비),6월,전체 사고,1.220868285347772,0.9944367883363022,1.4988578335498381,290
연안,달(1년 평균 날 대비),7월,전체 사고,1.3753943549603969,1.1308486571369876,1.6728229898121285,353
연안,달(1년 평균 날 대비),8월,전체 사고,1.5810246317509948,1.304445204425852,1.9162467520462676,445
연안,달(1년 평균 날 대비),9월,전체 사고,1.4740019802828164,1.205641269944276,1.8020964378384987,367
연안,달(1년 평균 날 대비),10월,전체 사고,1.0133805710547434,0.8254174107602409,1.2441464989760598,274
연안,달(1년 평균 날 대비),11월,전체 사고,0.9212023123929414,0.7432728923313378,1.141725615334032,207
연안,달(1년 평균 날 대비),12월,전체 사고,0.6876528032807718,0.5447979800596808,0.8679664667774704,144
연안,달(1년 평균 날 대비),1월,사망·실종 사고,0.930432046799891,0.6472282807752745,1.3375555726261867,32
연안,달(1년 평균 날 대비),2월,사망·실종 사고,0.7882345971497491,0.5231047160663305,1.1877426470478307,25
연안,달(1년 평균 날 대비),3월,사망·실종 사고,1.1164034572124715,0.7933320947314306,1.5710402838270294,39
연안,달(1년 평균 날 대비),4월,사망·실종 사고,0.6187477893732808,0.3688593220533971,1.0379263962289111,22
연안,달(1년 평균 날 대비),5월,사망·실종 사고,1.3487919762029,0.9685255946692556,1.878360060985875,52
연안,달(1년 평균 날 대비),6월,사망·실종 사고,1.092028489371752,0.7747631370233607,1.5392139411552743,40
연안,달(1년 평균 날 대비),7월,사망·실종 사고,1.390196713137466,0.9980276061753225,1.9364663755390223,54
연안,달(1년 평균 날 대비),8월,사망·실종 사고,1.6646135113853215,1.2423034258061767,2.2304841834340157,69
연안,달(1년 평균 날 대비),9월,사망·실종 사고,1.4461442490144367,1.0681212191808982,1.9579549131710852,54
연안,달(1년 평균 날 대비),10월,사망·실종 사고,1.0219610604919405,0.7326928333111488,1.4254328166989048,41
연안,달(1년 평균 날 대비),11월,사망·실종 사고,0.619651210148685,0.39065933600245606,0.9828707184315587,22
연안,달(1년 평균 날 대비),12월,사망·실종 사고,0.6092094819514974,0.38601906416159676,0.9614452428811789,21
연안,장소(위험구역 3km 안),위험구역 1~2곳,전체 사고,1.6197236494671403,1.1541608797215221,2.2730840619690347,225
연안,장소(위험구역 3km 안),위험구역 3~5곳,전체 사고,2.3551404246837273,1.650703498378535,3.3601954714628564,378
연안,장소(위험구역 3km 안),위험구역 6곳 이상,전체 사고,3.3368800934864296,2.196792060906978,5.0686493985729575,208
연안,장소(가산),사망사고 발생구역 3km 안,전체 사고,1.291793634826584,1.0023999746390135,1.6647354720648562,490
연안,장소(위험구역 3km 안),위험구역 1~2곳,사망·실종 사고,1.1839522940866716,0.615300365312927,2.278144323805495,27
연안,장소(위험구역 3km 안),위험구역 3~5곳,사망·실종 사고,2.122384170403474,1.0631279145899253,4.23703912291377,58
연안,장소(위험구역 3km 안),위험구역 6곳 이상,사망·실종 사고,2.249101271673941,0.9457675812265383,5.348519689885305,21
연안,장소(가산),사망사고 발생구역 3km 안,사망·실종 사고,1.2987687032455748,0.8200808987358695,2.0568704223331435,62
연안,행사,주말 행사일,전체 사고,2.1351664550372873,1.0085432490855333,4.520317591585861,13
연안,행사,주말 행사일,사망·실종 사고,19372537320.84207,6133541775.799839,61187355685.447975,3
연안(점수 밖),특보(하루 사고 수),특보 있는 날,전체 사고,0.8038272734089116,0.6909543337053968,0.9351389143345324,456
연안(점수 밖),특보(하루 사고 수),특보 있는 날,사망·실종 사고,1.0206620516876206,0.790689163307267,1.3175228295753836,87
연안(점수 밖),특보(사고 1건의 치명률),특보 있는 날 사고,사고 1건이 사망·실종으로 이어질 비율,1.1423768085641428,0.9409633968320954,1.3869028031682973,87
해상,바다·날씨,주의보,전체 사고,1.6779169065608839,1.3798051596457857,2.0404367425655936,374
해상,바다·날씨,경보,전체 사고,4.462797662044724,2.686826648161962,7.41267137050938,96
해상,바다·날씨,특보 & 풍속 14~17m/s,전체 사고,4.267786716330458,2.946216720158817,6.182166889306392,90
해상,바다·날씨,특보 & 풍속 17m/s 이상,전체 사고,10.458629195092325,5.137075197774715,21.292840853842307,34
해상,바다·날씨,특보 & 파고 4m 이상,전체 사고,14.550756309608758,7.934186581618052,26.685093298932884,49
해상,바다·날씨,주의보,사망·실종 사고,1.0466610667579335,0.540389524826647,2.027240237527334,14
해상,바다·날씨,경보,사망·실종 사고,1.6245512271426603,0.18631714462113186,14.164915928576297,2
해상,바다·날씨,특보 & 풍속 14~17m/s,사망·실종 사고,2.0286028332026413,0.6055849468653888,6.795461935074368,3
해상,바다·날씨,특보 & 풍속 17m/s 이상,사망·실종 사고,2.469957449139604e-09,9.734723541896796e-10,6.2669368824946725e-09,0
해상,바다·날씨,특보 & 파고 4m 이상,사망·실종 사고,6.4303476864196195e-09,1.7502973744350375e-09,2.3624197791868904e-08,0
