area,factor,level,RR,lo,hi,point,point_lo,point_hi,basis,grade,section
연안,사람(혼잡),1단계 = 사람 2배,1.9605599692464588,1.617652050870482,2.376157091967505,0.9712657714190371,0.6939013244137596,1.248630218424314,"외지인 방문자 2배당(같은 시군구·같은 달, 요일·공휴일 보정)",강함,§4.4
연안,장소(위험구역 3km 안),위험구역 1~2곳,1.6197236494671403,1.154160879721522,2.2730840619690347,0.6957476874600557,0.20684433680775208,1.1846510381123592,"지정 이후(2023~24) 사고, 같은 시군구 안 관광지 비교",강함,§4.6
연안,장소(위험구역 3km 안),위험구역 3~5곳,2.3551404246837278,1.650703498378535,3.3601954714628564,1.235813082748896,0.7230810046641637,1.7485451608336278,"지정 이후(2023~24) 사고, 같은 시군구 안 관광지 비교",강함,§4.6
연안,장소(위험구역 3km 안),위험구역 6곳 이상,3.3368800934864296,2.196792060906978,5.0686493985729575,1.7384998460525902,1.135398316781724,2.341601375323456,"지정 이후(2023~24) 사고, 같은 시군구 안 관광지 비교",강함,§4.6
연안,장소(가산),사망사고 발생구역 3km 안 1곳 이상,1.291793634826581,1.0023999746390089,1.6647354720648555,0.36937561663267793,0.0034582832718359265,0.7352929499935195,"지정 이후(2023~24), 개수 구간 함께 보정",경계,§4.6
연안,행사,주말 행사일,2.14,1.01,4.52,1.0976107966264224,0.014355292977070054,2.176322772640463,같은 시군구·같은 연월·같은 요일 비교(조건부 포아송),경계,§4.5
연안(넣지 않음),바다·날씨(겨울),겨울 특보 & 파고 2m 이상(특보 없는 날 대비),1.28,0.82,2.01,0.35614381022527536,-0.2863041851566411,1.0071955014042038,평소와 차이 뚜렷하지 않음(특보일끼리 비교한 2.70배는 순한 특보일이 낮아서 생김),근거 없음,§6.2
연안(넣지 않음),바다·날씨(겨울),겨울 특보 & 풍속 10m/s 이상(특보 없는 날 대비),1.11,0.8,1.54,0.15055967657538138,-0.3219280948873623,0.6229303509201767,평소와 차이 뚜렷하지 않음,근거 없음,§6.2
해상,바다·날씨,주의보,1.677916906560884,1.3798051596457857,2.0404367425655936,0.7466712727140936,0.46446456043939605,1.0288779849887906,"기상민감 4종, 사고 시각 맞춤",강함,§5.5
해상,바다·날씨,경보,4.462797662044724,2.686826648161962,7.41267137050938,2.157948397989716,1.4259032428602652,2.8899935531191674,"기상민감 4종, 사고 시각 맞춤",강함,§5.5
해상,바다·날씨,특보 없음·풍속 12~14m/s,1.753928558644151,1.1593772823418445,2.653377322189505,0.8105899848471478,0.21335012181539853,1.407829847878897,"기상민감 4종, 사고 시각 맞춤, 축 모형(28건)",가설,§5.8
해상,바다·날씨,특보 & 풍속 14~17m/s(특보 없는 때 대비),4.27,2.95,6.18,2.0942360698457656,1.560714954474479,2.62760683812965,"기상민감 4종, 사고 시각 맞춤",강함,§6.6
해상,바다·날씨,특보 & 풍속 17m/s 이상(특보 없는 때 대비),10.46,5.14,21.29,3.3868109464722167,2.361768359419153,4.4121040446775694,"기상민감 4종, 사고 시각 맞춤",강함,§6.6
해상,바다·날씨,특보 & 파고 4m 이상(특보 없는 때 대비),14.55,7.93,26.69,3.8629472480209217,2.9873208659292536,4.738227400367242,"기상민감 4종, 사고 시각 맞춤",강함,§6.6
연안(별도 칸 후보),물놀이 떠밀림(표류),"해안 바람 7~9m/s(3~5 대비, 특보 없는 날)",2.0643578107360394,1.3549856328374073,3.1451057985190194,1.0456930516889447,0.4382775544986212,1.6531085488792678,"연안 표류, 해안 AWS",경계,§4.8
연안(넣지 않음),주말·공휴일,토요일(방문자 보정 후),1.1310824356189175,0.8603824045456873,1.4869521615114436,0.1777040797473511,-0.21695007400161756,0.5723582334963201,방문자를 함께 넣으면 남는 몫,근거 없음,§4.2
연안(넣지 않음),바다·날씨(겨울 외),특보 있음(전 계절),0.8038272734089116,0.6909543337053968,0.9351389143345324,-0.31504256682603277,-0.5333377311824447,-0.09674740246962102,특보일 하루 사고 수,반대 방향(회피),§4.7
