model,term,ratio,lo,hi,p,n,n_fatal,n_with,fatal_rate_with,fatal_rate_without
인명 전체(변사 제외): 특보 있는 날 사고의 사망·실종 비율 배수,any_warn,1.1423768085641428,0.9409633968320954,1.3869028031682973,0.17859422588998486,3075,499,456,0.19078947368421054,0.1573119511263841
인명 전체(변사 제외): 특보 수준별,warn_주의보,1.1557961055635095,0.9430155863419847,1.4165880786951528,0.1630782395223479,3075,499,410,0.1926829268292683,0.1575984990619137
인명 전체(변사 제외): 특보 수준별,warn_경보,1.023987731269055,0.5953804588446562,1.7611442535824466,0.931720594700761,3075,499,46,0.17391304347826086,0.16209970287223507
인명 전체(변사 제외): 해상특보·강풍특보 따로,sea_warn,1.0554610489708294,0.8170251503206378,1.3634807024697095,0.6794858514521068,3075,499,421,0.18052256532066507,0.15938206480783723
인명 전체(변사 제외): 해상특보·강풍특보 따로,gw_warn,1.0195480742031284,0.7191040079550822,1.4455186789561565,0.9134485516346528,3075,499,207,0.18357487922705315,0.1607391910739191
인명 전체(변사 제외): 특보 없는 날 파고1.5m↑ vs 그 외,nw_wh_1.5+,0.9115087369892201,0.6556272970426891,1.2672568414331673,0.5815447542880575,3009,489,159,0.16981132075471697,0.16210526315789472
인명 전체(변사 제외): 특보 없는 날 파고1.5m↑ vs 그 외,any_warn,1.1756151311279472,0.9685262621764343,1.426983439180312,0.10172979245614747,3009,489,446,0.19506726457399104,0.15684744440109247
인명 전체(변사 제외): 특보 없는 날 풍속10m/s↑ vs 그 외,nw_ws_10+,0.9915707076462056,0.7298823272267941,1.3470835387914335,0.9568169480443992,3009,489,177,0.1694915254237288,0.1620762711864407
인명 전체(변사 제외): 특보 없는 날 풍속10m/s↑ vs 그 외,any_warn,1.1830189276213654,0.9745148432323735,1.4361338801862515,0.08931376242227194,3009,489,446,0.19506726457399104,0.15684744440109247
인명 익수: 특보 있는 날 사망·실종 비율 배수,any_warn,1.1343334564231045,0.9077870656888849,1.4174165275029007,0.2674809390314463,1416,393,214,0.3177570093457944,0.2703826955074875
인명 추락: 특보 있는 날 사망·실종 비율 배수,any_warn,1.2568438902061767,0.8028773838293602,1.9674941605832166,0.31741169364931576,402,95,67,0.26865671641791045,0.2298507462686567
선박 전체: 특보 있는 날 사고의 사망·실종 비율 배수,any_warn,1.0720573094676737,0.7018890458597921,1.6374480860791933,0.747471090177515,6810,165,1131,0.03183023872679045,0.02271526677231907
선박: 특보 수준별,warn_주의보,1.230534302819102,0.8207249619246748,1.8449721169239475,0.315422367262161,6810,165,924,0.03571428571428571,0.022426095820591234
선박: 특보 수준별,warn_경보,0.4134049458816773,0.08520003275246721,2.005910605409756,0.2730035385655514,6810,165,207,0.014492753623188406,0.02453430258973194
선박: 특보 없는 날 파고2m↑ vs 그 외,nw_wh_2+,1.370599266862302,0.3137363249312599,5.987646953967065,0.6751707929283222,6731,164,37,0.05405405405405406,0.02420077681505826
선박: 특보 없는 날 파고2m↑ vs 그 외,any_warn,1.0887849477431153,0.7144045573082437,1.6593576430959014,0.6923494726895183,6731,164,1110,0.032432432432432434,0.02277174879914606
