bin,n,p_any,p_경보,var,share_of_warn_days_caught,share_of_경보_days_caught
"[0.0, 0.5)",62019,0.01738177010271046,0.002466985923668553,wh_max,,
"[0.5, 1.0)",56448,0.06696428571428571,0.0026218820861678006,wh_max,,
"[1.0, 1.5)",33643,0.1598846714026692,0.007906548167523704,wh_max,,
"[1.5, 2.0)",18704,0.38088109495295125,0.01561163387510693,wh_max,,
"[2.0, 2.5)",8370,0.7200716845878136,0.02939068100358423,wh_max,,
"[2.5, 3.0)",3970,0.9272040302267003,0.06347607052896725,wh_max,,
"[3.0, 4.0)",3224,0.982940446650124,0.2608560794044665,wh_max,,
"[4.0, 99.0)",1107,0.995483288166215,0.7615176151761518,wh_max,,
"[0, 6)",67871,0.022041814618909403,0.0029615004935834156,ws_max,,
"[6, 8)",44729,0.05848554628987905,0.0031523172885599944,ws_max,,
"[8, 10)",34315,0.15197435523823402,0.005828354946816261,ws_max,,
"[10, 12)",21878,0.3656641374897157,0.011335588262181187,ws_max,,
"[12, 14)",11412,0.6504556607080266,0.03478794251664914,ws_max,,
"[14, 17)",6144,0.8904622395833334,0.18815104166666666,ws_max,,
"[17, 99)",1136,0.9850352112676056,0.6144366197183099,ws_max,,
파고≥1.5 또는 풍속≥10,51606,0.5164515753982095,0.05233887532457466,OR,0.8504148053605616,0.8881946728049983
파고≥2.0 또는 풍속≥12,25481,0.7551901416741886,0.10105568855225462,OR,0.614007657945118,0.8467609339033213
파고≥2.5 또는 풍속≥14,11660,0.9202401372212693,0.20240137221269297,OR,0.3423739629865986,0.7760605064123643
파고≥3.0 또는 풍속≥14,8974,0.9206596835301983,0.252395810118119,OR,0.2636247606892151,0.7448207826372903
파고≥3.0 또는 풍속≥17,4658,0.9845427221983684,0.39072563331902105,OR,0.14633056796426291,0.5984873396908912
파고≥4.0 또는 풍속≥17,1748,0.988558352402746,0.6430205949656751,OR,0.05513720485003191,0.36961525813877016
